/*
SQLyog Ultimate v12.09 (64 bit)
MySQL - 5.7.20 : Database - waimai
*********************************************************************
*/

/*!40101 SET NAMES utf8 */;

/*!40101 SET SQL_MODE=''*/;

/*!40014 SET @OLD_UNIQUE_CHECKS=@@UNIQUE_CHECKS, UNIQUE_CHECKS=0 */;
/*!40014 SET @OLD_FOREIGN_KEY_CHECKS=@@FOREIGN_KEY_CHECKS, FOREIGN_KEY_CHECKS=0 */;
/*!40101 SET @OLD_SQL_MODE=@@SQL_MODE, SQL_MODE='NO_AUTO_VALUE_ON_ZERO' */;
/*!40111 SET @OLD_SQL_NOTES=@@SQL_NOTES, SQL_NOTES=0 */;
CREATE DATABASE /*!32312 IF NOT EXISTS*/`waimai` /*!40100 DEFAULT CHARACTER SET utf8 */;

USE `waimai`;

/*Table structure for table `admin` */

DROP TABLE IF EXISTS `admin`;

CREATE TABLE `admin` (
  `id` int(11) NOT NULL AUTO_INCREMENT,
  `adminName` varchar(50) DEFAULT NULL,
  `adminPassword` varchar(50) DEFAULT NULL,
  PRIMARY KEY (`id`)
) ENGINE=InnoDB AUTO_INCREMENT=2 DEFAULT CHARSET=utf8;

/*Data for the table `admin` */

insert  into `admin`(`id`,`adminName`,`adminPassword`) values (1,'18084842032','00000000a');

/*Table structure for table `audit` */

DROP TABLE IF EXISTS `audit`;

CREATE TABLE `audit` (
  `id` int(11) NOT NULL AUTO_INCREMENT,
  `storeId` int(11) DEFAULT NULL COMMENT '商家id',
  `auditState` int(11) DEFAULT NULL COMMENT '审核状态，0审核通过，1待审核，2审核未通过，3待二次审核',
  `auditTime` datetime DEFAULT NULL COMMENT '审核时间',
  `auditComment` varchar(300) DEFAULT NULL COMMENT '审核意见',
  PRIMARY KEY (`id`)
) ENGINE=InnoDB AUTO_INCREMENT=13 DEFAULT CHARSET=utf8;

/*Data for the table `audit` */

insert  into `audit`(`id`,`storeId`,`auditState`,`auditTime`,`auditComment`) values (1,43,2,'2019-09-04 09:59:27','拉开圣诞节分厘卡是的路口附近'),(2,44,1,'2012-12-12 00:00:00',NULL),(3,45,2,'2012-12-12 00:00:00','djfkdjfn'),(4,46,0,'2012-12-12 00:00:00',''),(5,47,3,'2012-12-12 00:00:00','6451515'),(6,48,0,'2012-12-12 00:00:00',''),(9,51,3,'2012-12-12 00:00:00',''),(10,52,3,'2012-12-12 00:00:00',''),(11,53,2,'2012-12-12 00:00:00','dfjdhfkjsd'),(12,54,3,'2012-12-12 00:00:00','');

/*Table structure for table `comment` */

DROP TABLE IF EXISTS `comment`;

CREATE TABLE `comment` (
  `id` int(11) NOT NULL AUTO_INCREMENT,
  `userId` int(11) DEFAULT NULL,
  `storeId` int(11) DEFAULT NULL,
  `orderId` int(11) DEFAULT NULL,
  `description` varchar(500) DEFAULT NULL COMMENT '评价',
  `commentTime` datetime DEFAULT NULL COMMENT '评价时间',
  `commentlv` int(3) DEFAULT NULL COMMENT '评价级别',
  PRIMARY KEY (`id`)
) ENGINE=InnoDB AUTO_INCREMENT=86 DEFAULT CHARSET=utf8;

/*Data for the table `comment` */

insert  into `comment`(`id`,`userId`,`storeId`,`orderId`,`description`,`commentTime`,`commentlv`) values (1,1,15,28,'','2019-09-07 14:03:42',10),(2,1,23,8,NULL,'2019-09-07 17:22:48',10),(4,1,11,7,'方法就是离开的佛法','2019-09-07 17:28:50',10),(5,1,2,NULL,'太好吃了！','2018-08-23 00:00:00',8),(6,3,5,NULL,'味道一般般','2018-09-03 00:00:00',3),(7,5,3,NULL,'味道还好！','2018-03-23 00:00:00',1),(8,7,4,NULL,'还行','2018-09-11 00:00:00',4),(9,9,5,NULL,'好吃','2018-05-09 00:00:00',2),(10,10,7,NULL,'难吃！','2018-11-23 00:00:00',2),(11,6,5,NULL,'味道还行','2018-12-02 00:00:00',5),(12,4,9,NULL,'太一般了！','0201-01-11 00:00:00',6),(13,8,4,NULL,'太好吃了！','2019-01-19 00:00:00',8),(14,1,6,NULL,'太好吃了！','2019-01-20 00:00:00',9),(15,2,9,NULL,'不会在买了！','2019-02-05 00:00:00',8),(16,7,5,NULL,'还会在回购！','2019-02-09 00:00:00',2),(17,5,2,NULL,'还要买','2019-02-11 00:00:00',6),(18,2,10,NULL,'是我吃过最好吃的一家外卖！','2019-02-13 00:00:00',10),(19,9,9,NULL,'挺好吃的！','2019-03-09 00:00:00',9),(20,10,2,NULL,'很好！','2019-03-12 00:00:00',1),(21,2,2,NULL,'还会在买！','2019-03-18 00:00:00',2),(22,4,2,NULL,'一般般！','2019-01-23 00:00:00',1),(23,1,2,NULL,'太好吃了！','2018-08-20 00:00:00',8),(24,1,3,NULL,'太好吃了！','2018-09-23 00:00:00',8),(25,1,4,NULL,'味道很棒！','2018-08-26 00:00:00',9),(27,2,2,NULL,'味道还行','2018-07-12 00:00:00',6),(28,2,12,NULL,'太好吃了！','2018-08-08 00:00:00',8),(29,3,9,NULL,'太好吃了！','2018-06-23 00:00:00',8),(30,3,13,NULL,'味道很不错','2018-08-13 00:00:00',8),(31,9,2,NULL,'太好吃了！','2018-08-25 00:00:00',8),(32,8,2,NULL,'太好吃了！','2018-08-23 00:00:00',8),(34,9,33,NULL,'太好吃了！','2018-05-22 00:00:00',8),(35,7,40,NULL,'太好吃了！','2018-05-20 00:00:00',8),(36,7,30,NULL,'味道还不错','2018-03-23 00:00:00',6),(37,8,33,NULL,'太好吃了！','2018-06-25 00:00:00',8),(38,9,21,NULL,'味道很棒','2018-07-25 00:00:00',9),(39,9,2,NULL,'味道很可口','2018-08-23 00:00:00',7),(40,5,23,NULL,'味道不错','2018-07-23 00:00:00',7),(41,6,11,NULL,'味道不错','2018-09-03 00:00:00',7),(42,3,9,NULL,'太好吃了！','2018-08-23 00:00:00',8),(43,4,12,NULL,'味道很可口','2018-08-23 00:00:00',7),(44,5,38,NULL,'味道不错','2018-08-23 00:00:00',7),(45,3,37,NULL,'味道很可口','2018-08-23 00:00:00',9),(46,2,29,NULL,'太好吃了！','2018-08-23 00:00:00',8),(47,2,32,NULL,'味道很可口','2018-08-23 00:00:00',7),(48,2,11,NULL,'味道不错','2018-08-23 00:00:00',7),(49,2,22,NULL,'味道不错','2018-08-23 00:00:00',7),(50,5,24,NULL,'味道很可口','2018-08-23 00:00:00',7),(51,2,26,NULL,'口感很好','2018-08-23 00:00:00',8),(52,3,29,NULL,'味道一般','2018-08-23 00:00:00',6),(53,4,36,NULL,'味道一般','2018-08-23 00:00:00',6),(54,9,31,NULL,'味道一般','2018-08-23 00:00:00',6),(55,8,31,NULL,'太好吃了！','2018-08-23 00:00:00',8),(56,7,33,NULL,'太好吃了！','2018-08-23 00:00:00',8),(57,6,35,NULL,'味道很可口','2018-08-23 00:00:00',8),(58,5,37,NULL,'口感很好','2018-08-23 00:00:00',7),(59,7,38,NULL,'味道不错','2018-08-23 00:00:00',6),(60,6,28,NULL,'味道一般！','2018-08-23 00:00:00',6),(61,3,21,NULL,'太好吃了！','2018-08-23 00:00:00',8),(62,4,8,NULL,'味道很可口','2018-08-23 00:00:00',9),(63,3,9,NULL,'太好吃了！','2018-08-23 00:00:00',8),(64,9,36,NULL,'味道一般','2018-08-23 00:00:00',6),(65,8,42,NULL,'口感很好','2018-08-23 00:00:00',7),(66,7,22,NULL,'口感很好','2018-08-23 00:00:00',7),(67,6,23,NULL,'口感很好','2018-08-23 00:00:00',7),(68,5,34,NULL,'味道很可口','2018-08-23 00:00:00',9),(69,4,31,NULL,'味道不错','2018-08-23 00:00:00',7),(70,3,9,NULL,'味道不错','2018-08-23 00:00:00',7),(71,2,6,NULL,'味道一般','2018-08-23 00:00:00',6),(72,1,4,NULL,'味道一般','2018-08-23 00:00:00',6),(73,1,4,NULL,'哈哈哈','2019-12-12 00:00:00',4),(74,23,50,55,'haochi','2019-10-08 22:10:28',10),(75,1,4,57,'太咸了','2019-10-09 14:37:28',1),(76,2,4,NULL,'皮蛋豆腐太好吃了','2019-10-02 09:20:05',9),(77,3,4,NULL,'有点小贵','2019-10-05 09:21:05',5),(78,8,4,NULL,'还行吧，送餐很快','2019-10-05 09:21:56',7),(79,4,4,NULL,'这家味道确实不错，还会再来','2019-10-01 09:22:30',9),(80,5,4,NULL,'好吃好吃真的好吃','2019-10-02 09:22:55',8),(81,8,4,NULL,'','2019-10-02 09:23:30',10),(82,2,4,NULL,'','2019-10-03 09:23:43',10),(83,6,4,NULL,'','2019-10-05 09:23:56',10),(84,3,4,NULL,'','2019-10-04 09:24:08',10),(85,1,54,62,'好吃','2019-10-10 12:18:07',10);

/*Table structure for table `deliveryman` */

DROP TABLE IF EXISTS `deliveryman`;

CREATE TABLE `deliveryman` (
  `id` int(11) NOT NULL AUTO_INCREMENT,
  `dmName` varchar(10) DEFAULT NULL COMMENT '姓名',
  `dmPhone` varchar(11) DEFAULT NULL COMMENT '手机号',
  `dmPassword` varchar(32) DEFAULT NULL COMMENT '密码',
  `commonlyAddress` varchar(100) DEFAULT NULL COMMENT '常用配送地址',
  `income` double DEFAULT NULL COMMENT '收益',
  PRIMARY KEY (`id`)
) ENGINE=InnoDB AUTO_INCREMENT=9 DEFAULT CHARSET=utf8;

/*Data for the table `deliveryman` */

insert  into `deliveryman`(`id`,`dmName`,`dmPhone`,`dmPassword`,`commonlyAddress`,`income`) values (1,'张三','18084842033','00000000a','北京市朝阳区所前镇大治桥南26号',NULL),(2,'李四','13219505431','00000000a','北京市大兴区黄村镇金星西路3号',115),(6,'钟雪','18084842038','00000000a','北京市大兴区清源街道枣园东里枣园东里-西区',NULL),(7,'221','18084842036','00000000a','北京市丰台区右安门街道北京南站',NULL),(8,'高令辉','17600250975','glh666glh','北京市大兴区林校路街道兴政街15号',NULL);

/*Table structure for table `food` */

DROP TABLE IF EXISTS `food`;

CREATE TABLE `food` (
  `id` int(11) NOT NULL AUTO_INCREMENT,
  `storeId` int(11) DEFAULT NULL COMMENT '商家ID',
  `foodTypeId` int(11) DEFAULT NULL COMMENT '菜品分类ID',
  `foodName` varchar(100) DEFAULT NULL COMMENT '菜品名称',
  `price` double DEFAULT NULL COMMENT '价格',
  `foodImage` varchar(500) DEFAULT NULL COMMENT '菜品图片',
  `fsid` int(11) NOT NULL COMMENT '菜品状态',
  `salesvolume` int(11) DEFAULT NULL COMMENT '销量',
  PRIMARY KEY (`id`)
) ENGINE=InnoDB AUTO_INCREMENT=463 DEFAULT CHARSET=utf8;

/*Data for the table `food` */

insert  into `food`(`id`,`storeId`,`foodTypeId`,`foodName`,`price`,`foodImage`,`fsid`,`salesvolume`) values (1,1,1,'醋溜木须',48,'1a90b08c4c2eb79b812cf69b0d9bf78f384584.jpg',1,NULL),(2,1,1,'丸子烧白菜 ',38,'2e68d6fde87fa759e22fae1aa13d2f14320492.jpg',1,NULL),(3,1,1,'青椒鸡蛋豆腐',29,'fb49343b987c4dc513e68e5dc7b3ce8f350692.jpg',1,NULL),(4,1,1,'钵子淮山药',36,'d2b26b993c8c9dbe40d282ac03f4afdb372702.jpg',1,NULL),(5,1,1,'小炒肉',36,'63bd88d6123314156efaacbcbcd64fa01095465.jpg',1,NULL),(6,1,3,'川式钵钵鸡',45,'89844f0d58ee086574d1f4e5819f77cc736559.jpg',1,NULL),(7,1,2,'蜜汁莲藕',32,'72d3f59703d4cf21ade04aa18a0a21f91259295.jpg',1,NULL),(8,1,2,'不一般皮蛋豆腐',26,'ee330dcd7a315e104d44afa1686a2074849603.jpg',1,NULL),(9,1,2,'鸭梨大拌菜',29,'1fb29e3aa0c39515bf292f7b53f1ee60219349.jpg',1,NULL),(10,1,3,'酱油炒饭',26,'cb572a021c36b9feb2208efaf3e5ff38475590.jpg',1,NULL),(11,1,3,'韭菜鸡蛋水饺',29,'8bfc6245a6827b231522f54a6f229953458752.jpg',1,NULL),(12,2,1,'笋子烧牛肉',56,'3e88fa0ed13a8e2ea2982da36a78dc85503386.jpg',1,NULL),(13,2,1,'东坡蹄花',49,'6f88458b6ca99127450b18dfea43fc1a408260.jpg',1,NULL),(14,2,1,'泡椒牛蛙',78,'8740021894b71bf25aeb6ef1b204d79a562496.jpg',1,NULL),(15,2,1,'香辣水煮牛肉',59,'d0f1c4ea0ed083fcd37424b73c985b557839357.png',1,NULL),(16,2,1,'剁椒巴沙鱼柳',58,'eb2a9b5c7585ed77d0f873822437ef32157678.jpg',1,NULL),(17,2,2,'川味卤猪蹄（半只）',26,'b9a1f3e8a5a5c962c9a9259a5908a48e687337.jpg',1,NULL),(18,2,2,'夫妻肺片',49,'322407e431e368ae384fbdeb9ca041fe140456.jpg',1,NULL),(19,2,2,'眉州东坡香肠',47,'3eeef6077adad4eac7ce1029642718716582056.png',1,NULL),(20,2,3,'金银馒头',15,'f7a2e0dbf4fbd6c2000bf503c7ec31e9297892.jpg',1,NULL),(21,2,3,'鸡丝凉面',33,'7813b26570d3d924c92cdad3de71c8d26449357.png',1,NULL),(22,3,3,'安格斯肥牛饭',22,'e1b3c0de1d2ae96bc251454e1c980404282028.jpg',1,NULL),(23,3,3,'老坛酸菜鱼饭 ',21,'82c6175b688ef6f77b142ade7b3e253f247436.jpg',1,NULL),(24,3,3,'黄焖鸡米饭 ',21,'28e5335565af40b9f9a5de1890331394227205.jpg',1,NULL),(25,3,4,'麻辣烤翅 ',9.9,'c9415841318b80cb1ca9a86ce414172b253930.jpg',1,NULL),(26,3,4,'南城香电烤羊肉串',3.5,'e7f538af7bb94f54adadd3990432e2a2551259.jpg',1,NULL),(27,3,4,'南城香电烤板筋',3,'26ab5b007f4dc408ad28a1cff42f9d5b329493.jpg',1,NULL),(28,3,5,'红烧牛肉面 ',22,'65f4a01362db9108944e39f5d2fbdbfa278871.jpg',1,NULL),(29,3,5,'南城香虾仁大馄饨  ',21,'f480c06b7984860d99232b3ec57d4bf7380285.jpg',1,NULL),(30,3,5,'南城香全家福大馄饨   ',23,'f7b0c9b823267bef6286fea4c85255a7161633.jpg',1,NULL),(31,3,5,'排骨煨汤',15,'1a26e42c65066a833f9487731b8d8151157007.jpg',1,NULL),(32,4,4,'原油腰',8,'a0216b1e1b17769b34cc5f2631e777ce191912.jpg',1,NULL),(33,4,4,'牛蹄筋',4,'1b1cf89bc525e7fe9e99e1e2212d6bc1213215.jpg',1,NULL),(34,4,4,'多春鱼',5,'98c35918b95cf63478c811428b3bbd94211930.jpg',3,NULL),(35,4,4,'花蛤',25,'b3161c49c1509479704970a2b15ea58a200413.jpg',1,NULL),(36,4,4,'田螺',15,'03caf59020d7994781477c120af00100152720.jpg',1,NULL),(37,4,2,'黄瓜拉皮',8,'692abd540ea8ad03c50f7f5c02be75d1168397.jpg',1,NULL),(38,4,2,'皮蛋豆腐',8,'ad7bc139d05cde44fffceaf43b956b76140814.jpg',1,NULL),(39,4,4,'麻辣小龙虾',52,'0fe70849ebf6aefef9df18d21b1f27d5118704.jpg',1,NULL),(40,4,6,'冰红茶',12,'ea490efda6b4433e2072bd6c9abe87b589446.jpg',1,NULL),(41,4,6,'雪碧',12,'afbe63eab22ca630a8693ea10b4d8a2d80486.jpg',1,NULL),(42,4,6,'雪花勇闯天涯',7,'bbdf70ceb158ea583e3e4373df0b14ad204045.jpg',1,NULL),(43,5,7,'青稞红豆奶茶',14,'8c973e69b4559f12a83182ad956cafe943547.jpg',1,NULL),(44,5,7,'血糯米芋香奶茶',15,'5cf2172fbbb24a5a7ac9de89e021393058469.jpg',1,NULL),(45,5,7,'血糯米红豆奶茶',14,'d14020162f452c37f314231d368c649a72739.jpg',1,NULL),(46,5,7,'红豆牛奶',16,'c9fd0681de0e8f8ab05a334966ac832a147404.jpg',1,NULL),(47,5,7,'百香柠檬茶',12,'f0e43c4e921e46802d328a84d932c1df135257.jpg',1,NULL),(48,5,7,'蓝灵王',16,'86633f84953fed21d5dd3f62862ce769111964.jpg',1,NULL),(49,5,7,'红西柚果茶',18,'7baa9990ec4c81de99ddec44b3f7ad54151526.jpg',1,NULL),(50,5,7,'蜂蜜柚子茶',14,'fdf8d83ca10c8cfbe6da97cdebea6f9c119651.jpg',1,NULL),(51,5,7,'洛神百香',12,'27cc1410d875178ce4bc37936a621875149697.jpg',1,NULL),(52,5,7,'熊猫奶盖茶',16,'62c06cd76d3c9653eaac97363ae6242a461284.png',1,NULL),(53,6,4,'锡纸牛蛙',25,'9388b266a891d52c14e305b0e3f7396f70009.jpg',1,NULL),(54,6,4,'锡纸生蚝',28,'28243c3aa56762a8f7c73ee506774035935488.jpg',1,NULL),(55,6,4,'牛板筋',3,'f199a8e56d237565043afdf07caefdb2230774.jpg',1,NULL),(56,6,4,'麻辣羊排',14,'7ad36aacc1fe7d16619c89839827993f249328.jpg',1,NULL),(57,6,4,'羊小腿',18,'2951c375aa0b0bd75316cab2b36357f3203092.jpg',1,NULL),(58,6,4,'羊腰',18,'323e227462b3811537ad236d2ca25ef4180444.jpg',1,NULL),(59,6,4,'麻辣烤翅 ',16,'4febc36b65da01ef9823211ad0b23253149570.jpg',1,NULL),(60,6,6,'燕京鲜啤',8,'113e48f81b0a62104f0187d74a24f8cd378880.jpg',1,NULL),(61,6,6,'百威啤酒',10,'b0859c08b659f63c772983d5e8e23ce5389090.jpg',1,NULL),(62,6,6,'江小白',20,'b6a0da64cd71b05ac7722a2cbd85f505298857.jpg',1,NULL),(63,7,4,'蒜香小龙虾',88,'ada27a89db7843ab2f5f2bcc06543e21111654.jpg',1,NULL),(64,7,4,'麻辣小龙虾',88,'c3f805a5d197fbd7ae602edb8fc02420135154.jpg',1,NULL),(65,7,1,'剁椒蒸鸡块',38,'277dea5e49cd833158c3264836a5145a120397.jpg',1,NULL),(66,7,1,'宫爆腰果虾球.',35,'d9165c7f650d6a57ae5af59ace291fbf169859.jpg',1,NULL),(67,7,1,'菠萝咕咾肉',38,'f436c020d762b9f010a41963e5e6654a173614.jpg',1,NULL),(68,7,1,'宫保鸡丁',32,'7913ae0f87531d7d07ed0e7dc201e5de134086.jpg',1,NULL),(69,7,5,'酸辣乌鱼蛋汤.',28,'f7ed9c04eedbd34fd988f9f0e60ed6b3104992.jpg',1,NULL),(70,7,5,'松茸菌鸡汤',33,'6125b92a4d38b7242ae0b7e434af615a63677.jpg',1,NULL),(71,7,6,'百香果凤梨茶',18,'5643d63076d9c2478ffdbbd343a972db129526.jpg',1,NULL),(72,7,6,'百岁山',88,'8a248492b99d92f27e70279c82e9c4b274286.jpg',1,NULL),(73,8,4,'麻辣小龙虾',88,'36edd8e7ca3bff7db8e2ea14888e18ff164368.jpg',1,NULL),(74,8,2,'花毛拼盘 ',18,'c15521a24df63738b26d3f34f28b6c59182961.jpg',1,NULL),(75,8,2,'酱牛肉',38,'c6d7848db2fe05abeb8f2bd11f1cb653181316.jpg',1,NULL),(76,8,4,'鸡脆骨',3,'97c5fe1236a10860954e245793b6c4d1145234.jpg',1,NULL),(77,8,4,'烤千页豆腐',5,'a472881414987255a9a6f3aca88ac68e174630.jpg',1,NULL),(78,8,4,'烤平菇',2,'cf27bbc69bebb322e77adfef8f4787c633231.jpg',1,NULL),(79,8,4,'烤豆皮卷',88,'654cef978df258a6754b9d95e7f0c8da42869.jpg',1,NULL),(80,8,4,'烤扇贝',10,'a1bb9554814a752eb2819026476504d3106386.jpg',1,NULL),(81,8,6,'百威啤酒',10,'5aa97c3128140d5dc6cd641062f8be9f222025.jpg',1,NULL),(82,8,6,'青岛纯生',12,'b71b9401f710bcc001e0d64eda38f541174484.jpg',1,NULL),(83,9,3,'豆腐脑',8,'a662fa40ddb2255a24f4ad11be9e6125317821.jpg',1,NULL),(84,9,3,'小米粥 ',7,'f6ea698129076c5b1994108c34b9e9c3325500.jpg',1,NULL),(85,9,3,'阳阳酱肉包',38,'7cb12d7e73805562b41de7be5bd9d17612728.jpg',1,NULL),(86,9,3,'麻辣凉面',15,'dd2e337a74824df182e7ae1ab5d5314521877.jpg',1,NULL),(87,9,3,'阳阳肉酱面',20,'9e31d64a4b743eb93e18fd7f3a585fe6392747.jpg',1,NULL),(88,9,3,'腊味炒饭',20,'11f7b898336b9262e1c6fa763f4aa62021130.jpg',1,NULL),(89,9,3,'三鲜炒面',20,'29bb9455c1b2c612546d4c0955d50b5522642.jpg',1,NULL),(90,9,3,'皮蛋瘦肉粥',8,'321a0701bdedda152011a3ccc458998a17987.jpg',1,NULL),(91,9,3,'绿豆百合豆浆 ',6,'2b2edd3050ddfbd38f683c85f72cb3e0257894.jpg',1,NULL),(92,9,6,'北冰洋 ',6,'719732205b6640845b32881f7551efa4283766.jpg',1,NULL),(93,10,1,'干锅手撕杏鲍菇',28.8,'93c7aa9b8273b7f79dfc7d414f0231e9187563.jpg',1,NULL),(94,10,1,'干锅仔鸡 ',38,'76f649fc1ad75c4c2d7f380cf359a49455861.jpg',1,NULL),(95,10,1,'干锅鱿鱼须',40,'0963f4441a45c97a4ae1c194053e743d208176.jpg',1,NULL),(96,10,1,'川味毛血旺',38,'8d8e8da92334b525fd2f396b1acf0871126915.jpg',1,NULL),(97,10,3,'大份咯嗒汤',12,'185fa534323c5dc7eb11d2a16d4f8e41136188.jpg',1,NULL),(98,10,3,'大份酸辣汤',16,'cfb3e6cb23ee0d5579c4593be3a0f863154456.jpg',1,NULL),(99,10,3,'奶香小馒头',7.9,'e5d5b1755b93b854282b3c9c13c47e2a114822.jpg',1,NULL),(100,10,3,'稻花香米饭',8,'c6b72c9457ea361edf7fc5db019299f397789.jpg',1,NULL),(101,10,6,'雪碧 ',6,'9f1688421b3aca8cdf7afdbafbf10dd5123777.jpg',1,NULL),(102,10,6,'北冰洋 ',6,'c5b2d64a337f4fc9c2046a61e1b7b3df76461.jpg',1,NULL),(103,11,4,'猫爪烤翅麻香',9,'29eae1990659c6911722ae98ed5ad9de125236.jpg',1,NULL),(104,11,4,'烤羔羊肉串 ',4,'0a1fd76296cb96dca4ee76e171ee062e88820.jpg',1,NULL),(105,11,4,'望京小腰',3,'010ac9c7077723f20a2f240605d09465108990.jpg',1,NULL),(106,11,4,'簋街馋嘴蛙',55,'5c10048a8ea962fdd07834e79d39c8d5257425.jpg',1,NULL),(107,11,4,'簋街麻辣扇贝',45,'3a856f744f46361af47f3a0c9288e571105508.jpg',1,NULL),(108,11,1,'精品毛血旺',32,'976e78043e1233d7b5fed8b9cd29a8e0144025.jpg',1,NULL),(109,11,4,'香辣烤猪蹄',9,'2e43f37b06d626244b1628bcc66da873374314.jpg',1,NULL),(110,11,7,'喵小姐',18,'c08992c2fc93841c0b6c0eeb661afd2673631.png',1,NULL),(111,11,7,'喵先生 ',18,'3c9624a391c191ed9f3c8f3702ea385269837.png',1,NULL),(112,10,6,'北冰洋 ',6,'c5b2d64a337f4fc9c2046a61e1b7b3df76461.jpg',1,NULL),(113,12,13,'进口香蕉',6.8,'118e0ab0eef9f08a0dcce702ac6ea8c191948.jpg',1,NULL),(114,12,13,'佳沛绿奇异果 ',6.5,'202bfb58e5a9f2902ecbf2c16fc1dbe3158352.jpg',1,NULL),(115,12,13,'进口银火龙果',5.9,'8c94a5e17af70d0c1020e961669d540b114472.jpg',1,NULL),(116,12,13,'樱桃中1份/100g',7.9,'619dc06d639ef59124adcfd5b36df06974020.jpg',1,NULL),(117,12,13,'千禧圣女果',15.5,'c8ff50990eac40f35728c59ed8169163248422.png',1,NULL),(118,12,13,'每日坚果',19.8,'b5b257859dc8225a25c2af69da624dd4252584.png',1,NULL),(119,12,13,'泰国龙眼',9,'8021584ad425dea56d976bcb5ab0465d116611.jpg',1,NULL),(120,12,13,'进口冰糖苹果',5.9,'e0dce65aa4ea1ccf5b3c68ee8952ba6a88215.jpg',1,NULL),(121,12,13,'小台农芒果 ',7.9,'e8f288350eec71b65a2928fd19754e1686631.jpg',1,NULL),(122,12,13,'青妮王榴莲 ',79,'d88d9b460fef822918983ba620798e87310490.png',1,NULL),(123,13,4,'辣炒田螺',18,'f95ec27547afe7fdca686edb06bf50cb225691.jpg',1,NULL),(124,13,4,'辣炒蛏子  ',38,'9dd87787cf57d4d6a81f66e338854123144727.jpg',1,NULL),(125,13,4,'辣炒花蛤',32,'e2e7004f9c25a1fdb3f0152687d837ac191830.jpg',1,NULL),(126,13,1,'地三鲜 ',22,'c3da2893aedf938920034ce742c8f82a146862.jpg',1,NULL),(127,13,1,'鱼香肉丝 ',15.5,'9bfd00aefc99409dc5c255d276176099164682.jpg',1,NULL),(128,13,1,'回锅肉',25,'3245d356ed957176cf7171c61023525a195217.jpg',1,NULL),(129,13,4,'大腰子',18,'956e12880d913e17ecc6c1785085af65179900.jpg',1,NULL),(130,13,2,'爽口笋丝',16,'8ad2fd3e4114797f92532cfabaaa5895145179.jpg',1,NULL),(131,13,2,'酒鬼花生 ',16,'4a720e6d9776b33aae0355ec8b0f191d118627.jpg',1,NULL),(132,13,2,'皮蛋豆腐 ',15,'3329b0c1d75ee48382c535b6665e7e90148059.jpg',1,NULL),(133,13,6,'白牛二 ',20,'8e25223f8e46d1160716f36b5a19aa83140024.jpg',1,NULL),(134,13,6,'大雪碧 ',12,'28d98398841e63ff2328f2a9b085a924125654.jpg',1,NULL),(135,14,4,'鸡肉串',4,'4344378b98057f365d529f7c7ba2c116459967.jpg',1,NULL),(136,14,4,'轰炸鱿鱼串',20,'780f3cdc79b02836fa3a69c78da324a32477151.jpg',1,NULL),(137,14,4,'蜜汁小排',22,'53807eee1407be9904f4ba9a32893a201524081.jpg',1,NULL),(138,14,4,'霸王鸡爪',18,'37795f4771d036484ef2a2376957fcba3062279.jpg',1,NULL),(139,14,4,'焦烤五花肉',5,'5ae25a5e8db5806cef0ac0ac3e36d7451664095.jpg',1,NULL),(140,14,2,'麻辣黑鸡爪',22,'a707769795627176574938a74dfdfeb61929466.jpg',1,NULL),(141,14,2,'椒麻鸡',28,'314ed16a348911678ebcdd3a78ca68082883053.jpg',1,NULL),(142,14,2,'田园大拌菜',25,'c4bfba3e7c77a823a70b1d274ee82d301123935.jpg',1,NULL),(143,14,2,'姜汁皮蛋',15,'edd3d7f8531f11e24bf3101f3418bb131196225.jpg',1,NULL),(144,14,1,'冒小郡肝',22,'d98aa06e83113f0682de29e44b725bb613457642.jpg',1,NULL),(145,14,1,'冒脑花',25,'407a9ab59174e7acf46d5cf70413d62e381282.jpg',1,NULL),(146,15,3,'辣白菜猪肉双拼饭',32,'437fd2b220e3851489634f443491abe466209.png',1,NULL),(147,15,3,'吉味双拼饭',30,'90083d8bae792f9f3fd8ea1b3967f11c61166.png',1,NULL),(148,15,3,'什锦蘑菇饭',29,'b43eb9fa3fe731c009df263dcbbf5c7181717.png',1,NULL),(149,15,3,'招牌牛肉饭',32,'43fd9845d82013d98503c649c9f619f3392536.png',1,NULL),(150,15,3,'照烧鸡排饭',30,'d7b00e3bd05e190b44e79bb4e0448f2080110.png',1,NULL),(151,15,2,'摇滚沙拉',9,'79beaf045b2e53273eb48482ecd5931446096.png',1,NULL),(152,15,5,'合茶碗蒸',8,'4aba502be62054467e6227cab1c994d581499.jpg',1,NULL),(153,15,5,'海鲜蛋花汤',9,'4d7fb9e1f611ea9e9b5edd93928fa26855925.png',1,NULL),(154,15,6,'橙汁缤纷',9,'78bf24e498c81ddd711cef0bbb8f493a31693.png',1,NULL),(155,15,6,'蜂蜜柚子茶',9,'00da3a2ecb631cb21b303d45c8f7e5d270059.jpg',1,NULL),(156,15,2,'牛皿 ',20,'fd3057efcf5fed7374917b89be5a930c56801.png',1,NULL),(157,15,2,'鸡皿',20,'8ca1f870774a6a8414596e6cc3853f8453072.png',1,NULL),(158,16,7,'薄荷奶绿',10,'579f360d1ef6cb9d503669d7dcb180d2253383.jpg',1,NULL),(159,16,7,'波霸奶茶',11,'b69cbb89537d119d9678acccd6a12bfa308666.jpg',1,NULL),(160,16,7,'优格爆爆珠奶茶',11,'98a0329e764b3b885a5c89a82368a95c719247.jpg',1,NULL),(161,16,7,'四喜奶茶',14,'15c0178254200768911252224d7691a5303440.jpg',1,NULL),(162,16,7,'烧仙草',14,'ad86155312fe025e37d16b1183cbec5c343747.jpg',1,NULL),(163,16,8,'火龙果芝芝',20,'912c55c5c6105c26bb17ae441948e56e126321.jpg',1,NULL),(164,16,8,'芒果芝芝',19,'e45f6bbc4303781c47bf0fa33c90a6c6949041.jpg',1,NULL),(165,16,8,'茉莉绿茶玛奇朵',14,'e8c40331950c85436837213ddc974ced46572.jpg',1,NULL),(166,16,8,'黄金乌龙玛奇朵',15,'f7e270df754d5a5484864727143ac364415726.jpg',1,NULL),(167,16,8,'薄荷蛋蜜汁',10,'80359e4879a16ba0586b3f45a4a18aa758857.jpg',1,NULL),(168,16,8,'满杯红柚',16,'9122c4286567d826b18e936eb40884ee540927.jpg',1,NULL),(169,17,9,'柑橘提拉米苏',39,'bb90a2fdd34f423894298e31d3add9a2859727.jpg',1,NULL),(170,17,9,'榴莲千层卷',38,'8bf089c3e1f381de5365cd5fc67bf289210425.jpg',1,NULL),(171,17,9,'水果芋圆',28,'32ac9969fa647bf7dc95f73b0842d351291764.jpg',1,NULL),(172,17,9,'脏脏蛋糕',32,'25cb784ccbd8fe145fd8868ed2af8f3e274706.jpg',1,NULL),(173,17,9,'法式浮云卷',26,'d72ba29452fb919d5d00c033b62ac1ec318987.jpg',1,NULL),(174,17,9,'椰汁芋圆',28,'04c8b9535cb1fffac19416b0e703c544377382.jpg',1,NULL),(175,17,9,'咖啡奶酪',32,'2f7b163f23013752d48aced13832a28e878993.jpg',1,NULL),(176,17,9,'荔荔花香',39,'72c9be10aaaa0ba6b7bf0a0098e05b6a786444.jpg',1,NULL),(177,17,9,'日式芝麻豆乳卷',32,'013435a822ccfd5eaeecc21e6b1c184c917077.jpg',1,NULL),(178,17,9,'雪花酥',30,'b7eae7f076ad1e5b53cd1630668c7db7800744.jpg',1,NULL),(179,17,9,'抹茶千层',38,'140dce79fdce57ac94ac312dfc0fea9e155589.jpg',1,NULL),(180,18,10,'豆乳芋泥盒子',28,'2321c0d1466cc63713842f6600688e1e1037122.jpg',1,NULL),(181,18,10,'杨枝甘露冰淇淋雪媚娘',12,'1b122ee09a705ebd0804f75eb16a03c8252483.jpg',1,NULL),(182,18,10,'芋泥雪丸子',10,'58271416831069653e7ee6a08e9dd649387229.jpg',1,NULL),(183,18,10,'水果千层盒子',22,'e389aec4275505e21dea7d07fd66a4d6183146.jpg',1,NULL),(184,18,10,'草莓芒果爆浆蛋糕',58,'3e0cfb705d1d21a70de292f3c3fe05ec272772.jpg',1,NULL),(185,18,10,'网红小奶狗',38,'93a337265db703cac729919e4ddd3276115484.jpg',1,NULL),(186,18,10,'杨枝甘露爆酱',58,'ce85c0453dabf2e4711ce97cabd345da615552.jpg',1,NULL),(187,18,9,'椰奶仙草芒果捞',25,'36c4f3c634690ff714adcc371dc3f28e224296.jpg',1,NULL),(188,18,9,'鲜芒小丸子',22,'c47de06a9aa73af8715298bde4fbb3a8194200.jpg',1,NULL),(189,18,9,'九福芋圆',29,'a5c033731d18891350a08989d04cc15f310516.jpg',1,NULL),(190,20,11,'招牌鱿鱼',32,'c5711fd4b609e83162dc5aeae55de410197602.jpg',1,NULL),(191,20,11,'招牌鸭食管',26,'1158bdb2c6fd1ec280d3fc0e02ac5272322934.jpg',1,NULL),(192,20,11,'招牌鸭舌',23,'38ab48a03c5c551f74ec3e94ae4f8b20343872.jpg',1,NULL),(193,20,11,'招牌鸭头',6,'bc041dc630e6151208062b7783be45d0393951.jpg',1,NULL),(194,20,11,'招牌鸭脖',18,'92920ffa69f9ca92c8f419d27293c13a226233.jpg',1,NULL),(195,20,11,'招牌鸭锁骨',16,'c7ed99851b6ee06d17f71876c666ea87194337.jpg',1,NULL),(196,20,11,'招牌鸭掌',18,'9be73e043433cb412b8c75d84a0ff292193729.jpg',1,NULL),(197,20,11,'招牌鸭胗 ',22,'8be14b4153c2d1ac81b38476b32d52ad426441.jpg',1,NULL),(198,20,11,'招牌腐竹',9.9,'d3024aba9d06a6974923946be37ad9ae182815.jpg',1,NULL),(199,20,11,'千叶豆腐',12,'d12fe4fad8d592f0b021d36f2e5b16b9268548.jpg',1,NULL),(200,19,9,'法式甜点 ',25,'b34199aea3eed9c3a34d7af5b798a13a263747.jpg',1,NULL),(201,19,9,'雪媚娘 ',12,'0fabd555c51c5bcf976117c69d182fc4370902.jpg',1,NULL),(202,19,10,'网红便当',38,'16d50e46da8671eb256dc4df12fbe058696748.jpg',1,NULL),(203,19,9,'水果杯',28,'cdd0ef98f6d7e6cf65733c5a62c762be1049092.jpg',1,NULL),(204,19,10,'天鹅泡芙',15,'922e3ae3980992e65aee11b9072c315c150272.jpg',1,NULL),(205,19,10,'花语',158,'753b4bcabd7dcc3e5e1cd86bddebff45300562.jpg',1,NULL),(206,19,10,'猪猪',20,'5c0cd4f2e799671924f24c950cd3ab16277849.jpg',1,NULL),(207,19,9,'樱花杯',12,'3989879b3f5b29eb02db923272ab40f3127518.jpg',1,NULL),(208,19,10,'巧克力高跟鞋',20,'82a8c3e2a382a6a12c9a3307063778aa141408.jpg',1,NULL),(209,19,10,'Mini水果杯',10,'310b2dfb0e7dc95e984820949c0c7577244872.jpg',1,NULL),(210,21,12,'菌菇螺蛳粉 ',25,'1.jpg',1,NULL),(211,21,12,'老柳州螺蛳粉 ',24,'2.jpg',1,NULL),(212,21,12,'柳州螺蛳粉',22,'3.jpg',1,NULL),(213,21,12,'三鲜螺蛳粉',28,'4.jpg',1,NULL),(214,21,12,'砂锅螺蛳粉 ',15,'5.jpg',1,NULL),(215,21,12,'油果 ',2,'b06f3891ab373f2dc5cd83eeed0c7a10189824.jpg',1,NULL),(216,21,11,'柳州鸭掌',4,'a7080782732f69467b96bf8502f38d7e294729.jpg',1,NULL),(217,21,12,'三鲜',3.5,'46533a275629cbfb6062b49713d3973b116075.jpg',1,NULL),(218,21,6,'百事可乐',3,'3a50fdcd382fe7b6d56ee3b93eff0144192594.jpg',1,NULL),(219,21,6,'芬达',3,'a10dfe4c1052acd8c0f724961c071bec192512.jpg',1,NULL),(220,22,13,'蓝莓1盒',12,'120236a4d40caf43f485aa5956d0ce9c137731.jpg',1,NULL),(221,22,13,'进口金果1个',12.5,'a04cb0d703a1895f320cc93dacbb688571318.jpg',1,NULL),(222,22,13,'牛油果-2粒',22,'409718eab986620a67f7d04edad9e595180643.jpg',1,NULL),(223,22,13,'进口金菠萝半个',22,'59f221304c6846a6e89bc6fc73b00da9204550.png',1,NULL),(224,22,13,'泰国山竹1个',8,'d92984a0258079e531906c11640e28df25123.jpg',1,NULL),(225,22,13,'红肉菠萝蜜390-410g/盒',28,'e885187767bb2ca3a8b6e51013c5ddc519506.jpg',1,NULL),(226,22,13,'冷冻榴莲肉380g/盒',85,'72720a02fe10d4f613d1663499e4ee74106009.jpg',1,NULL),(227,22,13,'果缤纷礼盒（A）1盒',260,'3fb03da60fba08ab6b7127936f42bcac169271.jpg',1,NULL),(228,22,13,'果缤纷礼盒（B）1盒',370,'6f2c0d14152a778bb4495a439c9b96bb177299.jpg',1,NULL),(229,22,13,'果篮至尊版6.5-6.8kg/篮',420,'0f61d63305b6305f4970362a8377c2dd212204.jpg',1,NULL),(230,23,1,'金汤豆花黑鱼',40,'80b04b18dd930bc1b8a8d8e0dac37cb2261437.jpg',1,NULL),(231,23,1,'酸菜巴沙鱼',34,'1e11041616b31634b91c4a58d0937dbf537895.png',1,NULL),(232,23,1,'金汤豆花巴沙鱼',36,'f238623e9811ff1d14e7de68004db1c5262826.jpg',1,NULL),(233,23,1,'麻香鮰鱼',41,'ac426f3e5de8bcee2a001c94eadfff39382818.jpg',1,NULL),(234,23,1,'番茄黑鱼',39,'34711e385bc0bfa9f9e4eef9481e0356201995.jpg',1,NULL),(235,23,2,'花花的口水鸡',16,'4fa5603c9b9283d391cf33ade8915ae411981846.jpg',1,NULL),(236,23,2,'小皮蛋豆腐',8,'d1d086f1fa881b2b098bad6ed8854feb148854.jpg',1,NULL),(237,23,9,'小丸子冰粉',9,'f118fbd7a9c5b8fd1e920fd79687e27a219154.jpg',1,NULL),(238,23,6,'鲜榨雪梨汁',10,'0d7a511882283b293b8c90f1041d428b555525.jpg',1,NULL),(239,23,9,'焦糖豆花',8,'36e50d94a7fc8cde7f78a627870ed03a47861.jpg',1,NULL),(240,23,6,'山楂乌梅饮',10,'734d58324cf1dfa432dd567d4f49c4e51155277.jpg',1,NULL),(241,24,12,'秘制黑白凉皮',16,'831e7bdf20f5d2414085a8996d6c1cd1105778.jpg',1,NULL),(242,24,12,'秘制凉皮',14,'ee37aaf825f08935ddf37ffbbf1a8c0f129583.jpg',1,NULL),(243,24,12,'米皮',12,'eae4e2bc12aa6cb7f9d4aa4d9a92bd89140683.jpg',1,NULL),(244,24,12,'面皮',12,'c572280231a7a6bd22a60a8e39f78fe5139861.jpg',1,NULL),(245,24,12,'菠菜秘制凉皮',16,'79d2a5f2cab2347c620ae11a3ca1e2f9112514.jpg',1,NULL),(246,24,2,'蒜蓉菜心',5,'ff3d941e8e000e067da0c71e08a165be428369.jpg',1,NULL),(247,24,2,'香辣海带丝',5,'9328b728ef12990aa927b63bdc5ce8f295068.jpg',1,NULL),(248,24,5,'七喜（机打）',5,'2836fd754a8ea59f7f034a5ba39b358a93410.jpg',1,NULL),(249,24,6,'加多宝（听装）',6,'44d2b3ca6f793ed641a0cc70b4a921ef85444.jpg',1,NULL),(250,24,6,'蜂蜜柚子茶（机打）',5,'83f04ceead8d606c3fd7d647fddbb90987831.jpg',1,NULL),(251,31,12,'秘制酸汤肥牛粉',37,'64a2dc77cf3a3564cebb221943eeb53e7693874.jpg',1,NULL),(252,31,12,'火山麻辣牛肉粉',39,'089e45f8534257a25bb7e8c84937457b8585030.jpg',1,NULL),(253,31,12,'牛肉牛筋牛肚三拼米粉 ',49,'b34df0ee2c4887ad103ed801e4f5b4a87554125.jpg',1,NULL),(254,31,12,'辣子鸡干拌粉  ',33,'3c54dfe0b64e10317ebe21eef252ef6d8622096.jpg',1,NULL),(255,31,12,'酸菜肉沫干拌粉',31,'f251385b36f2877e1469a86f86af473d9009887.jpg',1,NULL),(256,31,3,'老北京烧饼',6,'f9dd2c8a104fd10857b14545baedae9b490627.jpg',1,NULL),(257,31,2,'加贵州泡菜',4,'a3579fe93077a497d4866072b0d18ecf3516365.jpg',1,NULL),(258,32,1,'长白山野生红蘑炖土鸡',89,'ab7c16530548f954d65c084932052a13234507.jpg',1,NULL),(259,32,1,'长白山野生榛蘑炖土鸡',69,'5c2e45b63b7f018372ee88e56c2719a0313381.jpg',1,NULL),(260,32,1,'石锅坛肉豆腐',33,'e6b1c1dcb5105719ae2896ea19630a3d394321.jpg',1,NULL),(261,32,1,'东北锅包肉',49,'bcd2c4bbf9f433643349ee722564b122208767.jpg',1,NULL),(262,32,2,'自制小肚',22,'4478254457bce416a0cd469c7c15bd3d74438.jpg',1,NULL),(263,32,2,'沾酱菜 ',29,'d70882e769ffa25137f3a20ea4c661f7254613.jpg',1,NULL),(264,32,1,'香辣砂锅虾',59,'57bc933943c5ce03f3fc7f874d3a261b118946.jpg',1,NULL),(265,32,3,'米饭',3,'afbbf660a626465b910e0909bff09ad8165090.jpg',1,NULL),(266,32,3,'疙瘩汤',19,'cc8864017fc8ecd9f01f1c5b666718fe275095.jpg',1,NULL),(267,34,3,'红烧茄子蛋包饭 ',29.99,'f477ad7ba1cebeaea734606f66a1c61b2843953.jpg',1,NULL),(268,34,3,'台湾卤肉蛋包饭',29.98,'8904df942318449b57eacb5385faa3492667541.jpg',1,NULL),(269,34,3,'至尊虾仁蛋包饭',29.98,'8904df942318449b57eacb5385faa3492667541.jpg',1,NULL),(270,34,3,'新西兰黑椒牛排蛋包饭',29.98,'f477ad7ba1cebeaea734606f66a1c61b28439532.jpg',1,NULL),(271,34,12,'蛋包肠',5.99,'e7bd2c1c81274d2ca4809f919a1ad50b2891587.jpg',1,NULL),(272,34,12,'劲爆鸡米花',5.99,'be9d0b1b9bdb2b347b1a8f9f222f33fd423936.jpg',1,NULL),(273,34,3,'欧式培根蛋包饭',27.98,'7d73e6de0c95fa4b42011c7b2b71252e2739651.jpg',1,NULL),(274,34,3,'经典蛋包饭',25.98,'484c6eeb0d7eeee85385695b2a5cdacf2498168.jpg',1,NULL),(275,34,6,'农夫山泉 ',4,'32db9d4c4875938d0d27ac3b55d3d25a273997.jpg',1,NULL),(276,34,6,'可乐 ',4.99,'1e92db6905d27ec4b590cd02e3022e75311051.jpg',1,NULL),(277,33,3,'朝鲜冷面',19,'27031770d0ceb223cf8d1c4f1ea4f7ab337657.jpg',1,NULL),(278,33,3,'雅山双拼饭',26,'627ce7034e2d50549c359fc0e79745a9181428.jpg',1,NULL),(279,33,3,'鱼香肉丝饭',15,'7af58c577e1da49c6c288395d71d5fba159063.jpg',1,NULL),(280,33,3,'招牌牛肉饭',19,'c0ab20c7b81db5101822bfdae5aa77f2168078.jpg',1,NULL),(281,33,3,'土豆红烧肉',19.5,'b66ee94517502c2d5faf4a53da5f613574571.jpg',1,NULL),(282,33,3,'芝士咖喱胡椒鸡',25,'f44c9d05ef28e7c69adb40c199a60535129024.jpg',1,NULL),(283,33,3,'泡菜什锦炒乌冬面',22,'bdeab350fb703cb6ba5e54e4de74d9bf177639.jpg',1,NULL),(284,33,3,'胡椒牛肉饭',26,'03acc4cea4c973630c08e6a2dce570be82139.jpg',1,NULL),(285,33,6,'生榨椰子汁 ',6,'32db9d4c4875938d0d27ac3b55d3d25a273997.jpg',1,NULL),(286,33,6,'可乐 ',12,'771c885544f82f775942337999ea9a80254204.jpg',1,NULL),(287,35,1,'水煮鱼 ',42.9,'8586b833fe32d9ff92f1e001c51533ab279797.jpg',1,NULL),(288,35,1,'水煮肉 ',39.9,'cf31fe28926f5dede239dd7161d2fc4987125.jpg',1,NULL),(289,35,1,'水煮肥牛 ',39.9,'ae3bfca54d5f12af04938120405451fa121177.jpg',1,NULL),(290,35,1,'毛血旺 ',39.99,'16452336a2fb956a5409550474752779501058.jpg',1,NULL),(291,35,15,'红烧肉土豆＋1素＋米饭 ',38.9,'365f9b31cd39819731ea4f8656f9b901350670.jpg',1,NULL),(292,35,15,'排骨土豆＋1素＋米饭 ',29.99,'f477ad7ba1cebeaea734606f66a1c61b2843953.jpg',1,NULL),(293,35,3,'米饭 ',2.9,'5d45afc6c5e4e5e5a037d32bf8fdeb8d260096.jpg',1,NULL),(294,35,6,'可口可乐 ',29.99,'5d45afc6c5e4e5e5a037d32bf8fdeb8d260096.jpg',1,NULL),(295,35,6,'雪碧 ',29.99,'5872ab79606caff0acfaa2099bac8196315690.jpg',1,NULL),(296,35,15,'红烧肉扁豆＋2素＋米饭 ',40.9,'564969babfc9de27b53772b1de5581a5410903.jpg',1,NULL),(297,31,12,'招牌花溪牛肉粉 ',35,'ed0effc879a18dcf40fdfcd76ed0b5865335357.jpg',1,NULL),(298,32,1,'海杂鱼贴饼子',51,'c4dbd358ae134ef1f3fb97d86e63ac35135270.jpg',1,NULL),(299,31,2,'加藤椒小笋 ',4,'417175323796ac5abb8c05b2efaa0b633578246.jpg',1,NULL),(300,36,3,'鳗鱼寿司2粒',12,'33fa022758535d376acec41d5eafaf0f1927068.jpg',1,NULL),(301,36,3,'蟹黄细卷6小粒',10,'70087900f04af821b532e9e0a067c5a7296111.jpg',1,NULL),(302,36,3,'红蟹子军舰2粒',13,'95371286422e322e30c123ed7b467cd36243248.jpg',1,NULL),(303,36,3,'芥末章鱼军舰2粒',14,'2791f023584f6c5893b647ffed525c48401029.jpg',1,NULL),(304,36,3,'三文鱼寿司2粒',30,'cd4e4841debd18b12a4715e4f68e8cab2348366.jpg',1,NULL),(305,36,15,'刺身大拼每种5片',50,'0f08194429afba4a352d8cfa62a9ef26295459.jpg',1,NULL),(306,36,3,'腐皮寿司2粒',10,'585cf5e359028424407c21fa91fd33002490780.jpg',1,NULL),(307,36,3,'北极贝寿司2粒',18,'7e119917675cd455d688ecb0dfea98341801663.jpg',1,NULL),(308,36,3,'锦衣寿司2粒',20,'18632b587ad012fb4596103c25887fff1991787.jpg',1,NULL),(309,36,3,'火炙鹅肝2粒',34,'2982f40bb364b21eb3906dc96d27a0711637705.jpg',1,NULL),(310,36,3,'火炙带子2粒',14,'ddbfc0d92198dab4ee011f81b6d6c3601974402.jpg',1,NULL),(311,37,3,'大碴粥',10,'7f3803dfc2e9c12133e26a5636b8a7e6182451.jpg',1,NULL),(312,37,3,'菜团子',5,'ddeb8a622f1ed7042fc6fe2a33acd2d8177001.jpg',1,NULL),(313,37,12,'饺子汤',13,'89558f22f6a4de303675d7398049164d92733.jpg',1,NULL),(314,37,1,'疙瘩汤',30,'89dab24058132e4f43b2c910951f546a142060.jpg',1,NULL),(315,37,1,'酸辣汤',30,'dbf90c4a78436188b29a5795bc8617d9136965.jpg',1,NULL),(316,37,2,'腐竹',5,'d3024aba9d06a6974923946be37ad9ae182815.jpg',1,NULL),(317,37,3,'韭菜鸡蛋',20,'ebdf7bce8f00339768c93ee4bb38a96f168952.jpg',1,NULL),(318,37,3,'鲜虾韭菜',20,'9d442025d15735d10daa42b19a9a86a184755.jpg',1,NULL),(319,37,3,'鲜虾猪肉',20,'442a9dd0d733f46f2951460dd84a7663102374.jpg',1,NULL),(320,37,3,'猪肉酸菜',20,'442a9dd0d733f46f2951460dd84a76631023746.jpg',1,NULL),(321,37,3,'肉三鲜',20,'4d4d549f6ac77ddefc95299385adaf5798179.jpg',1,NULL),(322,30,12,'玉童鸡肉丸 ',3.5,'ed0effc879a18dcf40fdfcd76ed0b5865335357.jpg',1,NULL),(323,30,12,'夹心蟹排',3.5,'36aaa2b5937503ef97463cdfd8e23f5d368262.jpg',1,NULL),(324,30,12,'年糕',4.8,'cb9fbab51fc595b04c29957c827cbc72314685.jpg',1,NULL),(325,30,12,'香炸土豆片 ',2.99,'e638e7f2197e28c9601400a04fcb58e7297385.jpg',1,NULL),(326,30,12,'高山娃娃菜  ',3.01,'d63bbfbd84ac3a3be56e2ab75430bd1097023.jpg',1,NULL),(327,30,12,'香炸腐竹',2.9,'f0120fed83dd530f3b8ff41fe9f5828f380928.jpg',1,NULL),(328,30,6,'百事可乐—可乐',6,'f0671adb3f1925b8f543bf2974708479432743.jpg',1,NULL),(329,30,6,'农夫山泉矿泉水',4,'a3579fe93077a497d4866072b0d18ecf3516365.jpg',1,NULL),(330,29,14,'小米金瓜粥',10,'3e068ff17d86a1c903e7822fbb311b33111797.jpg ',1,NULL),(331,29,14,'招牌八宝粥',12,'9bb2bb215e82227695302507df6a1fce114367.jpg',1,NULL),(332,29,14,'冰糖荷叶粥',13,'3e2aafb7dd8472069e16f1ad8deaad07103211.jpg',1,NULL),(333,29,14,'蘑菇包/个',4.5,'ab7cabe9ac2659808051671d413d346983136.jpg',1,NULL),(334,29,14,'蒸饺（6个蒸饺）',8,'3d9d7695411a1c6a1c2ba3fae2a594ef123664.jpg',1,NULL),(335,29,14,'酱肉包/个',5,'8ae731a70507fca5fe12654d9793aa22124221.jpg',1,NULL),(336,29,12,'佛手饼',6,'d07e306ce15a71e11154698b83b2342b153282.jpg',1,NULL),(337,29,3,'豆角焖面',23,'4ea2616a90f4234ecf1e9cdb2943db77114894.jpg',1,NULL),(338,29,3,'腊味炒饭',35,'488f489c5cf9cca186f23cc69b9d4438374784.jpg',1,NULL),(339,29,3,'疙瘩汤',22,'1a93b28e392de1c31ae72a4d74fafcbf93958.jpg',1,NULL),(340,29,3,'酱油炒饭',20,'acc50c77d3f369dae530dd61560ef92c430036.jpg',1,NULL),(341,28,15,'劲爆单人套餐',120,'ccfdb3f8dc12345266c3ff0aca566fca392526.jpg ',1,NULL),(342,28,15,'麻辣羊蝎子大锅套餐',230,'0718afe897f27bc1a76657b490f25c5b740434.jpg',1,NULL),(343,28,15,'全羊排小锅',230,'960cee6740f837437f29f129d67dc5951614377.png',1,NULL),(344,28,14,'新双人美味套餐',130,'6a474262bdf4b9fee34d4909b7326201451046.jpg',1,NULL),(345,28,1,'王府招牌香辣锅',150,'8ea1f939fc1e53c954a94ae367ec30991084685.jpg',1,NULL),(346,28,2,'泡椒鱼皮',16,'351c2807298975261cadd70713ad3cb27261681.jpg',1,NULL),(347,28,2,'五香豆腐丝',14,'314e3fcbc3924997468e40f322630e866867855.jpg',1,NULL),(348,28,15,'蒿子秆金针菇鲜豆皮',18,'17b4c572379d2b52a6409f8ad41adb261387685.jpg',1,NULL),(349,28,15,'冻豆腐鲜豆腐鸭血',18,'843ddf85bfa31ca6c9320a3d83b679971138500.jpg',1,NULL),(350,28,6,'可口可乐',6,'c50b5b79055bbe25a9346f0a4d7067c361454.jpg',1,NULL),(351,28,6,'美汁源果粒橙1.25L',15,'e1fec4119eacd58ed6e78f1d524fc74858716.jpg',1,NULL),(352,30,6,'饮料雪碧—雪碧',5,'a0f4fb06af59c8d0111b7d9ef6b8f914267167.jpg',1,NULL),(353,38,15,'和平精英吃鸡披萨套餐',69.99,'561b4d5fcfc1841e29105fdc60b36709798507.jpg ',1,NULL),(354,38,3,'肉类爱好者9寸',55,'2c966ed53e34b5e0160e0bc0f403b9f6435075.jpg',1,NULL),(355,38,3,'焦香披萨9寸',55,'4d9b809337061b6a1879489d492b41e6838951.jpg',1,NULL),(356,38,3,'BBQ浓香烧鸡披萨9寸',55,'dcdaa3b4793512748662810088e41050227966.jpg',1,NULL),(357,38,3,'墨西哥辣椒披萨9寸',55,'8ea1f939fc1e53c954a94ae367ec30991084685.jpg',1,NULL),(358,38,3,'意大利红肠披萨9寸',16,'351c2807298975261cadd70713ad3cb27261681.jpg',1,NULL),(359,38,3,'田园风光披萨9寸',14,'314e3fcbc3924997468e40f322630e866867855.jpg',1,NULL),(360,38,3,'意大利经典肉酱面',45,'17b4c572379d2b52a6409f8ad41adb261387685.jpg',1,NULL),(361,38,3,'奶油培根意面',29,'843ddf85bfa31ca6c9320a3d83b679971138500.jpg',1,NULL),(362,38,6,'七喜',6,'cfc712cd6710f997cd8ab34410c0279b325632.jpg',1,NULL),(363,38,6,'北冰洋',8,'26c5bdb7a84e82b5b281831069ac86d91716471.jpg',1,NULL),(364,39,3,'鱼香肉丝盖饭',16,'5a849b5ba695aa9af0491a4a5d773b3485475.jpg ',1,NULL),(365,39,3,'宫保鸡丁盖饭',16,'1474b6138e3b8f054610af857db6bce8538624.jpg',1,NULL),(366,39,3,'木须肉盖饭',16,'bbea12e99159691c416583decf677cb0384497.jpg',1,NULL),(367,39,3,'尖椒肉丝盖饭盖饭',16,'f438deadbea6de03fd98ac4cae945bf4520192.jpg',1,NULL),(368,39,1,'西红柿炖牛腩',55,'62b81c226b1e57f1753e60b6f717e3a3513539.jpg',1,NULL),(369,39,1,'孜然羊肉片',42,'8c4ea75dc05cc1a2f5eb7a9c8c4149a988163.jpg',1,NULL),(370,39,2,'酱牛肉',36,'a5a04664bd7771adcf5fa732d1455d4f419202.jpg',1,NULL),(371,39,1,'蒜蓉生菜',16,'90ce467cad0b63ee9077333c0c894854448019.jpg',1,NULL),(372,39,3,'特色凉面',14,'504529491d1c288f1a99ac0b3a6341e2383211.jpg',1,NULL),(373,39,6,'小可乐',5,'263c184bf7ec4949f7fceda68458b832298538.jpg',1,NULL),(374,39,6,'加多宝',5,'b8b7a10ee7fdd8b68da2e2c1b20c3c2c321597.jpg',1,NULL),(375,40,3,'精品鳗鱼饭 ',63,'23b6f74db36413a1b44faf8669be8140436130.jpg',1,NULL),(376,40,3,'炒牛肉盖饭',35,'2c12963f0fba0d6acd8da0c7a48fa26f461056.jpg',1,NULL),(377,40,3,'照烧鸡排饭',29,'089e45f8534257a25bb7e8c84937457b8585030.jpg',1,NULL),(378,40,3,'猪排咖喱饭',35,'e7f02d3deb06e8fef619f12928098d3b336296.jpg',1,NULL),(379,40,3,'豚骨拉面',28,'a50f4e9d2943d4dbe2982a9bf2f646d0259820.jpg',1,NULL),(380,40,3,'牛肉乌冬面',28,'230d841c8f4d9178f3ef1e632307f853219481.jpg',1,NULL),(381,40,3,'铁板鸡蛋豆腐',26,'79387527f66e0072b50ca48c72b3da9e294659.jpg',1,NULL),(382,40,6,'波子汽水',15,'538585b3a9bddb4b5cc1bc8892020383356922.jpg',1,NULL),(383,40,6,'芭乐果汁',22,'7758fceafee124e6bb14637de28143a8218128.jpg',1,NULL),(384,41,3,'精品鳗鱼饭 ',63,'23b6f74db36413a1b44faf8669be8140436130.jpg',1,NULL),(385,41,3,'suit轻盈鸡胸丸活力谷物碗',40.8,'7cda1595d3b7a89f2e857d1732c248e63064473.jpg',1,NULL),(386,41,3,'海陆双拼谷物碗',48.5,'4d1a2b0f1ccbd4ec9a384cc06b13d37c1930923.jpg',1,NULL),(387,41,3,'低GI香煎鸡胸活力谷物碗',35,'6d2e2c4f685aa52458b450c66ed639241958678.jpg',1,NULL),(388,41,15,'蛋白多多酵素组合餐',55.6,'48fc296836d3dfa09836ea0743492db613894500.jpg',1,NULL),(389,41,6,'玫瑰酵素饮',28,'12642ed83b3c38ba998d790d37d8a7a62517054.jpg',1,NULL),(390,41,6,'糙米纤维酵素饮',26,'cd875e2d8f90b2965b5cbc6cca2fdb713058235.jpg',1,NULL),(391,41,15,'减脂酵素谷物组合餐',54.9,'6d2e2c4f685aa52458b450c66ed6392419586788.jpg',1,NULL),(392,41,15,'海军鹿战队减脂酵素餐',69.9,'a1d1c0b1a586638de4f0cf1b1820c3251552616.jpg',1,NULL),(393,43,3,'日式照烧鸡蛋包饭',38.8,'171354186a5c43409e471212e37f176c1630349.jpg',1,NULL),(394,43,3,'日式烧肉蛋包饭＋佐大狮牛蘑王酱',15,'92eda5c1589c280ca8a56d3c3aa2e3fd1728075.jpg',1,NULL),(395,43,3,'菲力牛排蛋包饭',51,'2923b6315d6c5645bb3c6f2b4e0fe56f1594274.jpg',1,NULL),(396,43,3,'奥尔良鸡排蛋包饭',34,'e43ae68588cfb981e017e8d7e97ba7861681207.jpg',1,NULL),(397,43,3,'新西兰牛肉饼蛋包饭 ',35,'0073fe40993b916403485d297c0722091650256.jpg',1,NULL),(398,43,3,'浓情咖喱蛋包饭',36,'83c7919204d879a16cf5f3947ab8ebf51666243.jpg',1,NULL),(399,43,15,'豪华双人餐',72,'24a60bbdaeea530c4e194a3c6d758f801474214.jpg',1,NULL),(400,43,6,'黑米粥',6.9,'7557629170df60a0e69e1df7bc8953ff544139.jpg',1,NULL),(401,43,6,'芒果汁',9.9,'b1b0512227dbdb0cf507d95521d2e182472545.jpg',1,NULL),(402,43,6,'金桔柠檬汁',9.9,'d6dbf62680780ab0b267c9153ebcf992478187.jpg',1,NULL),(403,43,6,'银耳羹',6.9,'1528e4cc51c6d00521048b22a5bbfeea651337.jpg',1,NULL),(404,42,7,'半熟蛋糕芒芒',20,'a908cf934d0851378ff469931425e461120270.jpg',1,NULL),(405,42,7,'晶冻芒芒',15,'2a6f31fe6d0d0395bb21e9b03d050dda120079.jpg',1,NULL),(406,42,7,'冰雪火火',19,'ec2b6a540c51aafed9510d21a26a2cf0135168.jpg',1,NULL),(407,42,7,'西柚荔粒四季春茶',14,'7e571c9e51cf086e3ec4131293d7c399429864.jpg',1,NULL),(408,42,7,'百香四季春奶茶',18,'c47e3f994badc40bedfcb26522af1b06332833.jpg',1,NULL),(409,42,7,'柠檬优多冰冻',14,'cf47da12e8002a6e08595305eb5c0f87378427.jpg',1,NULL),(410,42,7,'西柚荔粒四季春茶',18,'7e571c9e51cf086e3ec4131293d7c3994298640.jpg',1,NULL),(411,42,7,'草莓半熟蛋糕四季春奶茶',20,'5606dc75d84c98b9a7d23a20a71fe598240975.jpg',1,NULL),(412,42,7,'粉色半熟蛋糕珍珠牛奶茶',20,'aa6565d72800c66d8aefe46e4d313e21189660.jpg',1,NULL),(413,42,7,'蛋糕忌廉珍珠奶茶',13,'f5283be5e3990ed04a4e563b9f3a3992281145.jpg',1,NULL),(414,42,7,'半熟蛋糕珍珠牛奶茶',14,'8d8ea4887ff91fcdfd2ef196ef948342330180.jpg',1,NULL),(415,25,1,'椒盐虾',58,'5c93276d6d7ab055425e1b84ebf0c510390186.jpg',1,NULL),(416,25,1,'毛血旺',42,'27f19073644f61953d284fc00f17b217360234.jpg',1,NULL),(417,25,3,'小花卷',2.5,'d6f443f59a737f4a7ac113c1205cb31b271948.jpg',1,NULL),(418,25,1,'白菜粉条炖狮子头',20,'de3bcddb32878369ac1afb31eb1ecf95267414.jpg',1,NULL),(419,25,1,'咖喱鸡丁',32,'542df7ff8b4c4373aaeb067cfbaea58a387072.jpg',1,NULL),(420,25,1,'梅菜扣肉',40,'741acca08a8ec6d84a51a914a60a38bf63273.jpg',1,NULL),(421,25,1,'麻婆豆腐',16,'87798824c3de1b29bf7b1a501dceb3de192371.jpg',1,NULL),(422,25,1,'蕨根粉',16,'362b9dafa73ada64fbaa7b1da30dec8b46697.jpg',1,NULL),(423,25,1,'红烧日本豆腐',34,'75ecd039452514c515239cd159c737dc52270.jpg',1,NULL),(424,25,3,'米饭',3,'7216ad9adbf1d325bb18332b6798ff6b312416.jpg',1,NULL),(425,25,3,'腊肠炒饭',28,'e900321a09af26a85e36dd8ee3bdfdf4301331.jpg',1,NULL),(426,25,6,'绿牛二',20,'12aea5f7d369566404fa14a424f4168296256.jpg',1,NULL),(427,25,6,'露露',9,'ad7faadcf5e8098edcfb2dfa6bb2dd44145408.jpg',1,NULL),(428,26,3,'明荣豆角焖面',18,'90e16e32c2a5375657018836385bd66374063.jpg',1,NULL),(429,26,3,'鲜羊肉大葱水饺 ',32,'1ce6117c57ac643601c688811eb0b1cb318159.jpg',1,NULL),(430,26,3,'牛肉大葱',32,'1d81db3ecb4a250d7a0e2ba2f083d1dc339467.jpg',1,NULL),(431,26,3,'鸡蛋西红柿 ',27,'9202bd132655f7ea737060204fc5a6e5427842.jpg',1,NULL),(432,26,3,'鲜肉豆角水饺',26,'eaf774b91dd25c2cf989a3fea49484b5397429.jpg',1,NULL),(433,26,3,'鲜肉芹菜水饺 ',26,'8d559dcd4427d4aa1ca051927f13ca34111790.jpg',1,NULL),(434,26,3,'菌菇酱肉馅煎饺',32,'ebbae900c53cfaf388efeecef69a54d7148543.jpg',1,NULL),(435,26,2,'香辣鸡胗',19,'103e5a939c2d305f202f94e7860a163e174518.jpg',1,NULL),(436,26,2,'娃娃菜拌豆腐丝',12,'9a6f5b4b090e354842e8c24a133ac16c42002.jpg',1,NULL),(437,26,6,'燕京听啤',4,'ff1f758fd13b03d6abe1a8a0ddbaeb6c1007407.jpg',1,NULL),(438,26,6,'红茶',4,'24be5ad29bba49df1dfd4f2da290b35d1162034.jpg',1,NULL),(439,27,3,'豆沙包',4,'b91b34e0dfac971f43a60f6d33934d26293143.jpg',1,NULL),(440,27,3,'纯手工菜团子～酸菜馅',4,'23ac058014a9c9e777e280fc680f8e61426336.jpg',1,NULL),(441,27,3,'纯手工制作菜团～萝卜虾皮馅',19,'1db734c31b639fbe3c5a282ff2df4d21160415.jpg',1,NULL),(442,27,3,'陕味基鲜肉包',4,'b88b0df7dce581688fdba5871a9685e1256556.jpg',1,NULL),(443,27,2,'腊八蒜',18,'a73f2eb41e19ae9de78e97be6aae449045056.jpg',1,NULL),(444,27,3,'猪肉酸菜水饺',21,'7ed75c11f4e7aa63f0298bd60587115a281291.jpg',1,NULL),(445,27,3,'西葫芦鸡蛋水饺',17,'82ab628c3249d0af71f5ea407cb0b04d395264.jpg',1,NULL),(446,27,3,'猪肉韭菜水饺',21,'f64e39ae510388e1a7a581210f8d769d376832.jpg',1,NULL),(447,27,12,'优质肉夹馍',9,'5be18fea688ab15fa854423cafde6d6d49152.jpg',1,NULL),(448,27,12,'剁椒凉皮',11,'8cf89394d31bf86f86b4c79e244d38c0627449.jpg',1,NULL),(449,27,12,'瑶柱海味粥',9,'768013c0fb63f68c5b7883ee22b04a1d474020.jpg',1,NULL),(450,47,1,'钵钵鸡',28,'b4c483bd-b2f5-4f7b-980b-8bb9408a1c62.jpeg',1,0),(451,47,1,'什锦炒饭',15,'32d70522-7483-4e8f-8fdb-e7b66000e753.jpeg',1,0),(458,52,23,'黄焖鸡',28,'e3a16103-8544-4398-bc99-f12224814d35.jpeg',2,0),(459,54,24,'黄焖鸡',30,'787d45b6-07eb-4ada-a914-6493820c8492.jpeg',1,0),(460,54,24,'的发射点',20,'13760ae5-577e-4547-9948-9babd54f2bb0.jpeg',1,0),(461,54,24,'对方的',30,'9f62df17-65c8-409e-9115-f7e0045c5253.jpeg',1,0),(462,54,25,'对方',30,'62377e47-f3c9-4c73-8b81-22e5cbfa258e.jpeg',3,0);

/*Table structure for table `food_types` */

DROP TABLE IF EXISTS `food_types`;

CREATE TABLE `food_types` (
  `id` int(11) NOT NULL AUTO_INCREMENT,
  `foodType` varchar(100) DEFAULT NULL COMMENT '菜品分类',
  PRIMARY KEY (`id`)
) ENGINE=InnoDB AUTO_INCREMENT=26 DEFAULT CHARSET=utf8;

/*Data for the table `food_types` */

insert  into `food_types`(`id`,`foodType`) values (1,'精品热菜 '),(2,'畅销凉菜 '),(3,'特色主食 '),(4,'特色烧烤'),(5,'经典汤,面'),(6,'酒水饮料'),(7,'奶茶推荐'),(8,'冷泡系列'),(9,'招牌甜品'),(10,'网红系列'),(11,'绝味鸭货'),(12,'特色小吃'),(13,'热销鲜果'),(14,'营养早餐 '),(15,'优惠套餐 '),(24,'热菜'),(25,'凉菜');

/*Table structure for table `foodstatus` */

DROP TABLE IF EXISTS `foodstatus`;

CREATE TABLE `foodstatus` (
  `id` int(11) NOT NULL AUTO_INCREMENT,
  `foodstatus` varchar(11) DEFAULT NULL,
  PRIMARY KEY (`id`)
) ENGINE=InnoDB AUTO_INCREMENT=4 DEFAULT CHARSET=utf8;

/*Data for the table `foodstatus` */

insert  into `foodstatus`(`id`,`foodstatus`) values (1,'售卖中'),(2,'已下架'),(3,'已售罄');

/*Table structure for table `like` */

DROP TABLE IF EXISTS `like`;

CREATE TABLE `like` (
  `id` int(11) NOT NULL AUTO_INCREMENT,
  `storeId` int(11) DEFAULT NULL COMMENT '商家ID',
  `userId` int(11) DEFAULT NULL COMMENT '用户ID',
  PRIMARY KEY (`id`)
) ENGINE=InnoDB DEFAULT CHARSET=utf8;

/*Data for the table `like` */

/*Table structure for table `order` */

DROP TABLE IF EXISTS `order`;

CREATE TABLE `order` (
  `id` int(11) NOT NULL AUTO_INCREMENT,
  `userId` int(11) DEFAULT NULL COMMENT '用户id',
  `storeId` int(11) DEFAULT NULL COMMENT '商家id',
  `orderNumber` varchar(100) DEFAULT NULL COMMENT '订单号',
  `orderTime` datetime DEFAULT NULL COMMENT '下单时间',
  `orderAddress` varchar(300) DEFAULT NULL COMMENT '配送地址',
  `totalMoney` double DEFAULT NULL COMMENT '总计',
  `orderState` int(11) DEFAULT '0' COMMENT '订单状态',
  `orderRemarks` varchar(100) DEFAULT NULL COMMENT '订单备注',
  `deliveryManId` int(11) DEFAULT NULL COMMENT '外卖员id',
  `disMoney` double DEFAULT NULL COMMENT '配送费',
  PRIMARY KEY (`id`)
) ENGINE=InnoDB AUTO_INCREMENT=63 DEFAULT CHARSET=utf8;

/*Data for the table `order` */

insert  into `order`(`id`,`userId`,`storeId`,`orderNumber`,`orderTime`,`orderAddress`,`totalMoney`,`orderState`,`orderRemarks`,`deliveryManId`,`disMoney`) values (2,1,2,'b6970ac5-da01-44ec-aa3c-1704702431d41','2019-08-12 15:32:24','钟雪(女士)  13219505431  北京市大兴区京开路双河南里甲15幢4-5号15-5',183,5,'无',2,5),(3,1,1,'3aa78624-5496-4cb3-8061-77c237617dde1','2019-08-13 08:40:40','钟雪(女士)  13219505431  北京市大兴区京开路双河南里甲15幢4-5号15-5',115,6,'无',2,5),(4,1,1,'39214dc8-0d39-4886-ad3f-63b387cace7b1','2019-08-13 09:52:03','钟雪(女士)  13219505431  北京市大兴区京开路双河南里甲15幢4-5号15-5',158,5,'无',2,6),(5,1,2,'b567d60e-4670-4e00-b7f8-0f3e1f9c64ed1','2019-08-13 10:11:21','钟雪(女士)  13219505431  北京市大兴区京开路双河南里甲15幢4-5号15-5',163,5,'无',2,6),(16,1,1,'e863c231-d22b-42db-821b-06d0ad7894841','2019-08-31 16:02:58','钟雪(女士)  13219505431  北京市大兴区京开路双河南里甲15幢4-5号15-5',91,5,'无',2,5),(41,1,30,'ebd5960d-8ead-4e74-880b-08ba302bf78f1','2019-09-25 09:15:01','钟雪(女士)  13219505431  北京市大兴区京开路双河南里甲15幢4-5号15-5',18.41,13,'无',NULL,5),(51,1,4,'0cc73d3b-c3d9-46bd-82a9-f702d2c53c8d1','2019-09-26 12:06:19','钟雪(女士)  13219505431  北京市大兴区京开路双河南里甲15幢4-5号15-5',29,13,'无',NULL,5),(53,23,4,'f72a5808-ca21-4676-a1b2-a62b3ac4e51123','2019-10-08 20:27:50','高令辉(女士)  17600250974  北京市大兴区京开路双河南里甲15幢4-5号',29,5,'无',2,5),(55,23,50,'dcf75f1e-985c-43c0-8af1-160d56a8eac723','2019-10-08 20:57:20','高令辉(女士)  17600250974  北京市大兴区京开路双河南里甲15幢4-5号',124,5,'无',2,5),(56,1,4,'3c69c2ec-088d-4269-b89b-21ae96a3c7471','2019-10-09 14:30:21','钟雪(女士)  17600250974  北京市大兴区黄村东大街东口双河南里甲15号-11',28,5,'无',2,5),(57,1,4,'9117fa8c-44ea-4d2a-914b-ec7d8262ace11','2019-10-09 14:33:51','钟雪(女士)  17600250974  北京市大兴区黄村东大街东口双河南里甲15号-11',29,6,'无',2,5),(61,1,54,'feb3529f-140b-4a63-a2ee-63da049bca301','2019-10-10 12:08:00','钟雪(女士)  17600250974  北京市大兴区黄村东大街东口双河南里甲15号-11',86,13,'无',NULL,6),(62,1,54,'aea7e927-d067-4dca-84e3-7159b142486f1','2019-10-10 12:10:21','钟雪(女士)  17600250974  北京市大兴区黄村东大街东口双河南里甲15号-11',56,6,'无',2,6);

/*Table structure for table `order_detail` */

DROP TABLE IF EXISTS `order_detail`;

CREATE TABLE `order_detail` (
  `id` int(11) NOT NULL AUTO_INCREMENT,
  `orderId` int(11) DEFAULT NULL COMMENT '订单id',
  `foodId` int(11) DEFAULT NULL COMMENT '菜品id',
  `count` int(11) DEFAULT NULL COMMENT '数量',
  `cost` double DEFAULT NULL COMMENT '小计',
  PRIMARY KEY (`id`)
) ENGINE=InnoDB AUTO_INCREMENT=162 DEFAULT CHARSET=utf8;

/*Data for the table `order_detail` */

insert  into `order_detail`(`id`,`orderId`,`foodId`,`count`,`cost`) values (1,1,83,1,8),(2,1,84,1,7),(3,1,91,1,6),(4,2,12,1,56),(5,2,13,1,49),(6,2,14,1,78),(7,3,1,1,48),(8,3,2,1,38),(9,3,3,1,29),(10,4,1,1,48),(11,4,4,1,36),(12,4,6,1,42),(13,4,7,1,32),(14,5,12,1,56),(15,5,13,1,49),(16,5,16,1,58),(17,6,2,1,38),(18,6,8,1,26),(19,7,103,1,9),(20,7,109,2,9),(21,7,105,1,3),(22,8,230,1,40),(23,8,234,1,39),(24,8,236,1,8),(25,9,66,1,35),(26,9,68,1,32),(27,10,1,1,48),(28,10,2,1,38),(29,11,1,1,48),(30,11,2,1,38),(31,12,11,1,29),(32,12,10,1,26),(33,13,9,1,29),(34,13,10,1,26),(35,14,84,1,7),(36,14,85,1,38),(37,15,85,1,38),(38,16,1,1,48),(39,16,2,1,38),(40,17,86,1,15),(41,17,87,1,20),(42,17,88,1,20),(43,18,1,1,48),(44,18,2,1,38),(45,19,3,1,29),(46,19,8,1,26),(47,20,323,7,3.5),(48,21,322,1,3.5),(49,21,325,2,2.99),(50,21,323,1,3.5),(51,21,324,1,4.8),(52,22,22,1,22),(53,22,27,1,3),(54,23,322,1,3.5),(55,23,323,2,3.5),(56,23,324,1,4.8),(57,23,327,1,2.9),(58,24,322,1,3.5),(59,24,323,2,7),(60,24,324,1,4.8),(61,25,323,5,17.5),(62,26,322,2,7),(63,26,323,2,7),(64,26,324,1,4.8),(65,27,322,1,3.5),(66,27,323,2,7),(67,27,324,2,9.6),(68,28,156,1,20),(69,29,381,3,78),(70,29,378,1,35),(71,29,377,3,87),(72,30,395,1,51),(73,30,403,1,6.9),(74,31,38,2,16),(75,31,33,2,8),(76,32,268,1,29.98),(77,32,276,2,9.98),(78,32,272,1,5.99),(79,33,435,1,19),(80,33,430,1,32),(81,34,157,2,40),(82,34,151,1,9),(83,35,416,1,42),(84,36,32,1,8),(85,36,33,1,4),(86,36,36,1,15),(87,37,37,4,32),(88,38,35,1,25),(89,38,36,1,15),(90,39,376,1,35),(91,39,379,1,28),(92,40,322,2,7),(93,40,323,1,3.5),(94,40,326,1,3.01),(95,40,325,1,2.99),(96,41,322,1,3.5),(97,41,325,1,2.99),(98,41,326,2,6.02),(99,41,327,1,2.9),(100,42,323,2,7),(101,42,324,1,4.8),(102,42,327,1,2.9),(103,42,326,1,3.01),(104,43,394,1,15),(105,43,403,1,6.9),(106,44,22,1,22),(107,44,25,1,9.9),(108,44,26,1,3.5),(109,45,53,1,25),(110,45,56,1,14),(111,46,415,1,58),(112,47,37,2,16),(113,47,33,1,4),(114,48,421,1,16),(115,48,418,1,20),(116,49,22,1,22),(117,49,23,1,21),(118,50,324,2,9.6),(119,50,327,2,5.8),(120,50,322,1,3.5),(121,51,38,2,16),(122,51,37,1,8),(123,52,323,1,3.5),(124,52,324,1,4.8),(125,52,327,2,5.8),(126,52,326,1,3.01),(127,52,37,1,8),(128,52,32,1,8),(129,52,33,1,4),(130,52,34,1,5),(131,53,37,3,24),(132,54,452,1,120),(133,55,452,1,120),(134,56,37,1,8),(135,56,36,1,15),(136,57,41,2,24),(137,58,37,1,8),(138,58,32,1,8),(139,58,33,1,4),(140,59,37,1,8),(141,59,33,1,4),(142,59,32,1,8),(143,60,38,3,24),(144,61,37,3,24),(145,62,37,3,24),(146,63,37,3,24),(147,64,38,3,24),(148,58,38,1,8),(149,58,33,1,4),(150,58,36,1,15),(151,59,38,1,8),(152,59,33,1,4),(153,59,32,1,8),(154,60,459,1,30),(155,60,460,1,20),(156,60,461,1,30),(157,61,459,1,30),(158,61,460,1,20),(159,61,461,1,30),(160,62,459,1,30),(161,62,460,1,20);

/*Table structure for table `store` */

DROP TABLE IF EXISTS `store`;

CREATE TABLE `store` (
  `id` int(11) NOT NULL AUTO_INCREMENT,
  `distributionMoney` double DEFAULT NULL COMMENT '平均配送费',
  `startMoney` int(11) DEFAULT NULL COMMENT '起送费',
  `storeAddress` varchar(100) DEFAULT NULL COMMENT '商家地址',
  `storeName` varchar(100) DEFAULT NULL COMMENT '商家名称',
  `storePhone` varchar(11) DEFAULT NULL COMMENT '商家电话，手机号注册',
  `storePassword` varchar(100) DEFAULT NULL,
  `storeImg` varchar(300) DEFAULT NULL COMMENT '商家头像',
  `province` varchar(30) DEFAULT NULL COMMENT '省',
  `city` varchar(30) DEFAULT NULL COMMENT '市',
  `area` varchar(30) DEFAULT NULL COMMENT '区县',
  `coordinate` varchar(50) DEFAULT NULL COMMENT '坐标，经纬度',
  `registState` int(11) DEFAULT '0' COMMENT '审核是否通过，0为未通过，1为通过，默认为0',
  `foundtime` datetime DEFAULT NULL COMMENT '开店时间',
  `ordrenum` int(11) DEFAULT NULL COMMENT '订单数量',
  PRIMARY KEY (`id`)
) ENGINE=InnoDB AUTO_INCREMENT=55 DEFAULT CHARSET=utf8;

/*Data for the table `store` */

insert  into `store`(`id`,`distributionMoney`,`startMoney`,`storeAddress`,`storeName`,`storePhone`,`storePassword`,`storeImg`,`province`,`city`,`area`,`coordinate`,`registState`,`foundtime`,`ordrenum`) values (1,5,20,'北京市大兴区黄村镇双河南里6号','大鸭梨烤鸭','13214963251','00000000a','a02492e1d577c37aa1441b094a47fffc13200.jpg','北京市','北京市市辖区','大兴区','116.346611,39.735479',1,NULL,699),(2,9,20,'北京市大兴区黄村镇金星西路3号','眉州东坡','13214963252','00000000a','812e34046da741d2478dde9f8087356511271.jpg','北京市','北京市市辖区','大兴区','116.334211,39.764244',1,NULL,845),(3,5,25,'北京市大兴区黄村西大街地铁D口','南城香','13214963253','00000000a','3d2ff9e50fb14f8416ee8b9ecc74a62d206516.jpg','北京市','北京市市辖区','大兴区','116.332227,39.731026',1,NULL,888),(4,5,20,'北京市大兴区黄村镇兴丰大街140号','一只羊和董小姐','13214963254','00000000a','c468200a0a2d8a7a23b59357feb4a34634816.jpg','北京市','北京市市辖区','大兴区','116.34687,39.732996',1,NULL,458),(5,8,20,'北京市大兴区黄村镇兴丰大街68号楼','贡茶','13214963255','00000000a','f06688d2ae44d32f39135c3b792ac82338635.jpg','北京市','北京市市辖区','大兴区','116.339665,39.732136',1,NULL,997),(6,8,20,'北京市大兴区黄村镇兴丰大街49号','小段烧烤','13214963256','00000000a','bb60dc5d45232745aa09dc2cfee0945e65211.jpg','北京市','北京市市辖区','大兴区','116.336746,39.755995',1,NULL,878),(7,9,20,'北京市大兴区黄村镇双河南巷3号楼','青年餐厅','13214963257','00000000a','3c1a7ae09decd133c56cbb9962c0660529244.jpg','北京市','北京市市辖区','大兴区','116.346371,39.732864',1,NULL,902),(8,8,20,'北京市大兴区黄村镇兴丰大街三段75号','马子烧烤','13214963258','00000000a','4fd3502603d24a27254806456add763a320655.jpg','北京市','北京市市辖区','大兴区','116.339223,39.738295',1,NULL,330),(9,4,20,'北京市大兴区黄村镇兴丰大街140号','阳阳中国饭','13214963259','00000000a','3507939785b6f8c48fb58b26b501a0657725.jpg','北京市','北京市市辖区','大兴区','116.338114,39.748076',1,NULL,757),(10,9,20,'北京市大兴区黄村镇兴业市场1栋','正源川湘家常菜','13214963261','00000000a','698d7e3c932fabcae8a87801a7022f49164721.jpg','北京市','北京市市辖区','大兴区','116.343985,39.730075',1,NULL,466),(11,3,20,'北京市大兴区黄村镇兴华南路','馋嘴猫串吧','13214963262','00000000a','ffa54dfbd810ce4e0c4479b6c62a33db43801.jpg','北京市','北京市市辖区','大兴区','116.331564,39.72101',1,NULL,854),(12,10,30,'北京市丰台区丰桥路7号院','果多美','13214963263','00000000a','5e2f0ffe44fab348da5ffeb34551657d14834.jpg','北京市','北京市市辖区','丰台区','116.3103,39.851905',1,NULL,636),(13,8,25,'北京市丰台区万年花城万芳元一区','百果园','13214963264','00000000a','fa2a162c7aabd6117a667432b4e787bc10757.jpg','北京市','北京市市辖区','丰台区','116.318604,39.846327',1,NULL,555),(14,9,20,'北京市丰台区永善里2号楼','冰城串吧','13214963265','00000000a','79775bd864446eb264079af41899724484073.png','北京市','北京市市辖区','丰台区','116.286139,39.848579',1,NULL,666),(15,8,16,'北京市大兴区黄村镇小营路北','吉野家','13214963266','00000000a','d63fd28c4ca90a85a95a15dce8f46323304763.jpg','北京市','北京市市辖区','大兴区','116.333329,39.75364',1,NULL,363),(16,4,20,'北京市朝阳区所前镇大治桥南26号','徐小包的奶茶','13214963267','00000000a','9fe02860ee166eafd82a279ed432c28e76716.jpg','北京市','北京市市辖区','朝阳区','116.49976,39.95478',1,NULL,320),(17,8,30,'北京市朝阳区南秀路1163号','米羔法式西点','13214963268','00000000a','c0786cdd356f566367c99865110640aa10662.jpg','北京市','北京市市辖区','朝阳区','116.444579,39.939791',1,NULL,312),(18,8,35,'北京市朝阳区萧金路45号','阿园烘焙蛋糕坊','13214963269','00000000a','5640fac7399c083ef687ef4383db0b62558706.jpg','北京市','北京市市辖区','朝阳区','116.505195,39.862466',1,NULL,777),(19,10,88,'北京市朝阳区闻兴路167号','上野树里','13214963271','00000000a','b2d29599243e12749e205f3722efeb4e12127.jpg','北京市','北京市市辖区','朝阳区','116.474098,39.986522',1,NULL,978),(20,8,80,'北京市朝阳区水路36号','绝味鸭脖','13214963272','00000000a','bb937d469c2cb7f44ca572797f295fbb35261.jpg','北京市','北京市市辖区','朝阳区','116.476991,39.885167',1,NULL,544),(21,9,20,'北京市朝阳区所前镇大治桥南23号','柳味螺蛳粉','13214963273','00000000a','d79c0a1d7ba963826dcfc545f0d9777752686.jpg','北京市','北京市市辖区','朝阳区','116.490583,39.959076',1,NULL,111),(22,10,30,'北京市丰台区丰桥路5号院','果多美','13214963274','00000000a','5e2f0ffe44fab348da5ffeb34551657d14834.jpg','北京市','北京市市辖区','丰台区','116.311633,39.850756',1,NULL,210),(23,9,28,'北京市大兴区金星西路3号院3号楼3层','渝是乎','13214963275','00000000a','a1fe275b80f85e53d3884c424cac6d4626624.jpg','北京市','北京市市辖区','大兴区','116.334179,39.76408',1,NULL,451),(24,3,15,'北京市大兴区新政街5号大兴一中对面','魏家凉皮','13214963276','00000000a','3c53f1fdab901bdcdaaa4d841ef656d77717.jpg','北京市','北京市市辖区','大兴区','116.344477,39.726088',1,NULL,485),(25,5,20,'北京市大兴区黄村镇兴丰南大街红楼西巷路南2号','九九嘉','13214963277','00000000a','dc9f679cb52a0b8b77e5e10670e107bb471767.jpg','北京市','北京市市辖区','大兴区','116.337739,39.724558',1,NULL,584),(26,5,20,'北京市大兴区黄村镇兴丰大街（三段）1至2层49号','明荣饺子馆','13214963278','00000000a','9c7591538dbf9d0790b890bb8d8694fc19790.jpg','北京市','北京市市辖区','大兴区','116.330683,39.764532',1,NULL,887),(27,5,35,'北京市大兴区黄村镇兴丰大街东侧（兴丰南大街三段102号）','陕味基','13214963279','00000000a','15d72ecd4c52b97f40277b637b8b98ed41823.jpg','北京市','北京市市辖区','大兴区','116.33978,39.724342',1,NULL,4562),(28,5,20,'北京市大兴区兴华大街车站北里甲21号','蝎王府羊蝎子火锅','13214963281','00000000a','520d481764886df599fcd8bb88386731100913.png','北京市','北京市市辖区','大兴区','116.33313,39.723196',1,NULL,1589),(29,5,20,'北京市大兴区兴华大街车站北里甲21号','牛不理八宝粥家常菜','13214963282','00000000a','8cb55c1bd0b64ace63ea880b197f5de853954.jpg','北京市','北京市市辖区','大兴区','116.331565,39.721011',1,NULL,485),(30,3,15,'北京市大兴区黄村镇黄村东大街38号院5号楼层','伐木累炸串卷饼','13214963283','00000000a','3b0c12686ffaddeafefafba5f67ca282306847.jpg','北京市','北京市市辖区','大兴区','116.344354,39.730013',1,NULL,485),(31,3,15,'北京市大兴区黄村镇东大街1号','遇花溪苗家牛肉粉','13214963284','00000000a','1e71d2c769652d5ca5f7c321179edbd9108703.jpg','北京市','北京市市辖区','大兴区','116.344935,39.732158',1,NULL,874),(32,7,20,'北京市大兴区黄村镇兴华大街（二段）78号院17.72号','马明小馆','13214963285','00000000a','81cf57c4fc1865e0dbb291730e28306c34816.jpg','北京市','北京市市辖区','大兴区','116.340296,39.743298',1,NULL,874),(33,3,15,'北京市大兴区黄村镇火神庙1号','雅山','13214963286','00000000a','364bc0ddf8041ca18679f28b4891f93049152.jpg','北京市','北京市市辖区','大兴区','116.34117,39.73097',1,NULL,1879),(34,3,20,'北京市大兴区黄村镇黄村东大街38号院6层','宴遇蛋包饭','13214963287','00000000a','e47fc234282a844f86006982e69746a832456.jpg','北京市','北京市市辖区','大兴区','116.341676,39.730873',1,NULL,4485),(35,4,20,'北京市大兴区黄村镇双河南巷15号','川香小厨','13214963288','00000000a','b8a1c329e3cf686b3a39d52106f50edc28480.jpg','北京市','北京市市辖区','大兴区','116.347591,39.732089',1,NULL,958),(36,1.5,20,'北京市大兴区黄村镇兴丰大街38号','晓寿司·日本料理','13214963289','00000000a','baa686ce9ba72b0dcd9b5582ebf9d7ba365797.jpg','北京市','北京市管辖区','大兴区','116.339545,39.738908',1,'1999-11-11 00:00:00',210),(37,1,20,'北京市大兴区兴华北路（二段）78号院78号—114号1至2层104','醉美东北菜','13214963291','00000000a','c9831fb865bbf20e6a9cb4573938554d34816.jpg','北京市','北京市管辖区','大兴区','116.336327,39.749853',1,'2019-08-24 00:00:00',180),(38,20,5,'北京市大兴区黄村西大街15号北京市大兴区文化活动服务中心西侧楼地下一层','真美汇美食坊','13214963292','00000000a','0e1182fff39024ab6759968adc2d9ad0188416.jpg','北京市','北京市管辖区','大兴区','116.337997,39.73233',1,'2018-03-14 00:00:00',190),(39,0,5,'北京市大兴区黄村镇龙河路东侧1栋2-3层1-1','披萨革命','13214963293','00000000a','1e7a873232caf07e3785d4e9ba7ecc9720153.jpg','北京市','北京市管辖区','大兴区','116.343645,39.73806',1,'2018-04-24 00:00:00',180),(40,20,4,'北京市大兴区兴华北路（二段）78号院1层16','五葵町日料居酒屋','13214963294','00000000a','d3b943172d5faf64aeb9957fdfd9bc36147113.png','北京市','北京市管辖区','大兴区','116.336327,39.749853',1,'2018-04-24 00:00:00',180),(41,0,5,'北京市大兴区黄村镇东大街1号','超能鹿战队','13214963295','00000000a','a0cecf207143bc6401f027b6c2501b5145184.jpg','北京市','北京市管辖区','大兴区','116.344935,39.732158',1,'2018-06-12 00:00:00',180),(42,5,20,'北京市大兴区黄村镇兴丰大街（三段）86号楼地下一层','快乐柠檬','13214963296','00000000a','834c209bcc555fae1a2eadc68cf689d321796.jpg','北京市','北京市市辖区','大兴区','116.330683,39.764532',1,'2018-09-06 00:00:00',220),(43,2,20,'北京市大兴区黄村镇兴丰大街（三段）86号楼地下一层','安妮阿姨蛋包饭','13214963297','00000000a','7b13aab7b3ab6cd8a4db7bea13db3c1b103611.jpg','北京市','北京市市辖区','大兴区','116.347591,39.732089',1,'2018-03-07 00:00:00',220),(54,6,20,'北京市大兴区兴丰街道兴丰大街大兴区妇幼保健院(兴丰大街)','照面','18084842032','00000000a','5e4766a1-569e-4e09-b04c-cc29e444168c.jpg','北京市','北京市市辖区','大兴区','116.339612,39.736482',1,NULL,0);

/*Table structure for table `store_foodtypes` */

DROP TABLE IF EXISTS `store_foodtypes`;

CREATE TABLE `store_foodtypes` (
  `id` int(11) NOT NULL AUTO_INCREMENT,
  `storeId` int(11) DEFAULT NULL COMMENT '商家id',
  `foodTypeId` int(11) DEFAULT NULL COMMENT '菜品分类id',
  PRIMARY KEY (`id`)
) ENGINE=InnoDB AUTO_INCREMENT=132 DEFAULT CHARSET=utf8;

/*Data for the table `store_foodtypes` */

insert  into `store_foodtypes`(`id`,`storeId`,`foodTypeId`) values (1,1,1),(2,1,2),(3,1,3),(4,2,1),(5,2,2),(6,2,3),(7,3,3),(8,3,4),(9,3,5),(10,4,2),(11,4,4),(12,4,6),(13,5,7),(14,6,4),(15,6,6),(16,7,1),(17,7,4),(18,7,5),(19,7,6),(20,8,2),(21,8,4),(22,8,6),(23,9,3),(24,9,6),(25,10,1),(26,10,3),(27,10,6),(28,11,1),(29,11,4),(30,11,7),(31,12,13),(32,13,1),(33,13,2),(34,13,4),(35,13,6),(36,14,1),(37,14,2),(38,14,4),(39,15,2),(40,15,3),(41,15,5),(42,15,6),(43,16,7),(44,16,8),(45,17,9),(46,18,9),(47,18,10),(48,19,9),(49,19,10),(50,20,11),(51,21,6),(52,21,11),(53,21,12),(54,22,13),(55,23,1),(56,23,2),(57,23,6),(58,23,9),(59,24,2),(60,24,5),(61,24,6),(62,24,12),(63,31,12),(64,31,2),(65,31,3),(66,32,1),(67,32,2),(68,32,3),(69,34,3),(70,34,6),(71,34,12),(72,33,3),(73,33,6),(74,35,15),(75,35,3),(76,35,6),(77,35,1),(78,36,15),(79,36,3),(80,37,1),(81,37,2),(82,37,3),(83,37,12),(84,1,16),(85,30,12),(86,30,6),(87,29,14),(88,29,3),(89,29,12),(90,28,6),(91,28,15),(92,28,2),(93,28,1),(94,38,6),(95,38,15),(96,38,3),(97,39,6),(98,39,2),(99,39,3),(100,39,1),(101,40,6),(102,40,3),(103,41,6),(104,41,15),(105,41,3),(106,43,6),(107,43,3),(108,43,15),(109,42,7),(110,25,1),(111,25,3),(112,25,6),(113,26,2),(114,26,3),(115,26,6),(116,27,2),(117,27,3),(118,27,12),(119,1,17),(120,47,1),(129,52,23),(130,54,24),(131,54,25);

/*Table structure for table `store_storetypes` */

DROP TABLE IF EXISTS `store_storetypes`;

CREATE TABLE `store_storetypes` (
  `id` int(11) NOT NULL AUTO_INCREMENT,
  `storeId` int(11) DEFAULT NULL COMMENT '商家id',
  `storeTypeId` int(11) DEFAULT NULL COMMENT '商家分类id',
  PRIMARY KEY (`id`)
) ENGINE=InnoDB AUTO_INCREMENT=60 DEFAULT CHARSET=utf8;

/*Data for the table `store_storetypes` */

insert  into `store_storetypes`(`id`,`storeId`,`storeTypeId`) values (1,1,1),(2,2,1),(3,3,1),(4,4,3),(5,5,5),(6,6,3),(7,7,1),(8,8,3),(9,9,2),(10,10,1),(11,11,3),(12,12,4),(13,13,4),(14,14,3),(15,15,2),(16,16,5),(17,17,5),(18,18,5),(19,19,2),(20,20,3),(21,21,2),(22,22,4),(23,23,2),(24,24,1),(25,25,1),(26,26,1),(27,27,2),(28,28,3),(29,29,1),(30,30,3),(31,31,3),(32,32,1),(33,33,1),(34,34,3),(35,35,1),(36,36,1),(37,37,1),(38,38,3),(39,39,1),(40,40,1),(41,41,1),(42,42,5),(43,43,1),(44,44,3),(45,45,1),(46,45,1),(47,46,1),(48,47,2),(49,47,1),(50,5,4),(51,49,5),(53,51,1),(54,51,1),(55,52,2),(56,52,2),(57,53,1),(58,54,2),(59,54,1);

/*Table structure for table `store_types` */

DROP TABLE IF EXISTS `store_types`;

CREATE TABLE `store_types` (
  `id` int(11) NOT NULL AUTO_INCREMENT,
  `storeType` varchar(100) DEFAULT NULL COMMENT '商家分类',
  PRIMARY KEY (`id`)
) ENGINE=InnoDB AUTO_INCREMENT=6 DEFAULT CHARSET=utf8;

/*Data for the table `store_types` */

insert  into `store_types`(`id`,`storeType`) values (1,'正餐优选'),(2,'快餐'),(3,'精选小吃'),(4,'鲜果购'),(5,'下午茶');

/*Table structure for table `storeaptitude` */

DROP TABLE IF EXISTS `storeaptitude`;

CREATE TABLE `storeaptitude` (
  `id` int(11) NOT NULL AUTO_INCREMENT,
  `storeId` int(11) DEFAULT NULL COMMENT '商家id，资质信息对应唯一一个商家',
  `linkmanName` varchar(10) DEFAULT NULL COMMENT '联系人姓名',
  `linkmanPhone` varchar(11) DEFAULT NULL COMMENT '联系人电话',
  `legalRepresentative` varchar(10) DEFAULT NULL COMMENT '法定联系人',
  `IDCard` varchar(18) DEFAULT NULL COMMENT '法定代表人身份证号',
  `IDCardImg` varchar(100) DEFAULT NULL COMMENT '法人代表人手持身份证照片',
  `bankCard` varchar(50) DEFAULT NULL COMMENT '银行卡号',
  `shopCard` varchar(50) DEFAULT NULL COMMENT '营业执照号',
  `shopCardImg` varchar(100) DEFAULT NULL COMMENT '营业执照号照片',
  `foodLicenceImg` varchar(100) DEFAULT NULL COMMENT '餐饮服务许可证照片',
  PRIMARY KEY (`id`)
) ENGINE=InnoDB AUTO_INCREMENT=11 DEFAULT CHARSET=utf8;

/*Data for the table `storeaptitude` */

insert  into `storeaptitude`(`id`,`storeId`,`linkmanName`,`linkmanPhone`,`legalRepresentative`,`IDCard`,`IDCardImg`,`bankCard`,`shopCard`,`shopCardImg`,`foodLicenceImg`) values (2,47,'高令辉','17600250974','高令辉','511528199703212823','67464b1b-49d1-4f99-987a-ce995159426d.png','6222600260001072444','110108001445941','87faae86-4b9d-4584-a353-13160a527809.png','0c36a31f-9ede-4b9d-8c7d-a8a05aff9779.png'),(3,49,'高令辉','17600250974','高令辉','511528199703212823','6cb24c0b-d72f-422e-80ce-c46fa04e806b.png','6222600260001072444','110108001445941','ab60adc2-73c9-4e86-a986-d586a85c26d0.png','7809a42f-8a35-4333-8d30-d08517acccf8.png'),(5,51,'高令辉','17600250974','高令辉','511528199703212823','f021a40c-b002-488e-8aa3-1ba99a54cbf8.png','6222600260001072444','110108001445941','13b7d4f1-44ba-493d-8366-5dd13b17949f.png','0c614d36-8f2f-4b59-b1d9-9e11edda885d.png'),(7,52,'高令辉','13219505431','高令辉','511528199703212823','ccd9be79-7531-4547-b702-da726c02acdf.jpg','6222600260001072444','110108001445941','db432d49-ee61-4cfd-b09d-da20c9ab3618.jpg','0562814c-5d5c-4033-bfcc-536137666d4d.jpg'),(8,53,'高令辉','13219505431','高令辉','511528199703212823','3f42e150-17a8-4a87-b5a6-3494cdd4ee4c.jpg','6222600260001072444','110108001445941','f5453600-51aa-492f-a1a6-edeed2e878ed.jpeg','807cf5b6-bb88-46dc-953b-50050a340645.jpg'),(10,54,'钟雪','13219505431','钟雪','511528199703212823','93ca9e4e-75eb-408f-bedd-0a8b9e839ec6.jpg','6222600260001072444','110108001445941','6d15b597-f28e-41ab-acf3-85f4b24be360.jpg','148ce9fb-50d2-47cc-aabe-9c9b85776d17.jpg');

/*Table structure for table `user` */

DROP TABLE IF EXISTS `user`;

CREATE TABLE `user` (
  `id` int(11) NOT NULL AUTO_INCREMENT COMMENT '用户ID',
  `userPassword` varchar(32) NOT NULL COMMENT '密码',
  `userName` varchar(32) DEFAULT NULL COMMENT '用户名称',
  `birthday` date DEFAULT NULL COMMENT '生日',
  `image` varchar(100) DEFAULT 'tim546dfdg.jpg' COMMENT '用户头像',
  `userPhone` varchar(11) DEFAULT NULL COMMENT '用户手机号',
  PRIMARY KEY (`id`)
) ENGINE=InnoDB AUTO_INCREMENT=23 DEFAULT CHARSET=utf8;

/*Data for the table `user` */

insert  into `user`(`id`,`userPassword`,`userName`,`birthday`,`image`,`userPhone`) values (1,'00000000a','张三','1990-07-12','tim546dfdg.jpg','13219505431'),(2,'00000000a','李现','1993-02-11','tim546dfdg.jpg','13219505432'),(3,'00000000a','肖战','1996-03-11','tim546dfdg.jpg','13219505433'),(4,'00000000a','陈伟霆','1994-03-11','tim546dfdg.jpg','13219505434'),(5,'00000000a','王一博','1991-05-11','tim546dfdg.jpg','13219505435'),(6,'00000000a','张艺兴','1997-03-21','tim546dfdg.jpg','13219505436'),(7,'00000000a','鹿晗','1998-04-15','tim546dfdg.jpg','13219505437'),(8,'00000000a','邓伦','1995-09-18','tim546dfdg.jpg','13219505438'),(9,'00000000a','魏大勋','1998-10-15','tim546dfdg.jpg','13219505439'),(10,'00000000a','李易峰','1992-03-11','tim546dfdg.jpg','13219505441'),(11,'00000000a','杨紫','1991-02-11','tim546dfdg.jpg','13219505442'),(12,'00000000a','刘诗诗','1992-11-01','tim546dfdg.jpg','13219505443'),(13,'00000000a','张歆艺','1994-07-14','tim546dfdg.jpg','13219505444'),(14,'00000000a','郑爽','1996-03-22','tim546dfdg.jpg','13219505445'),(15,'00000000a','鞠婧祎','1998-06-29','tim546dfdg.jpg','13219505446'),(16,'00000000a','关晓彤','1998-05-27','tim546dfdg.jpg','13219505447'),(17,'00000000a','唐嫣','1998-09-20','tim546dfdg.jpg','13219505448'),(18,'00000000a','刘亦菲','1998-12-15','tim546dfdg.jpg','13219505449'),(19,'00000000a','张子枫','1998-10-11','tim546dfdg.jpg','13219505451'),(20,'00000000a','宋祖儿','1998-09-16','tim546dfdg.jpg','13219505452'),(21,'00000000a','朱一龙','1994-03-13','tim546dfdg.jpg','13219505453'),(22,'00000000a',NULL,NULL,'tim546dfdg.jpg','13219505454');

/*Table structure for table `user_address` */

DROP TABLE IF EXISTS `user_address`;

CREATE TABLE `user_address` (
  `id` int(11) NOT NULL AUTO_INCREMENT,
  `userId` int(11) NOT NULL COMMENT '用户id',
  `contactAddress` varchar(500) NOT NULL COMMENT '地址',
  `isDefault` int(11) DEFAULT NULL COMMENT '是否默认',
  `contactName` varchar(100) DEFAULT NULL COMMENT '联系人姓名',
  `contactPhone` varchar(11) DEFAULT NULL COMMENT '联系人电话',
  `gender` int(11) DEFAULT NULL COMMENT '性别0：女，1：男',
  PRIMARY KEY (`id`)
) ENGINE=InnoDB AUTO_INCREMENT=32 DEFAULT CHARSET=utf8;

/*Data for the table `user_address` */

insert  into `user_address`(`id`,`userId`,`contactAddress`,`isDefault`,`contactName`,`contactPhone`,`gender`) values (2,2,'北京市大兴区京开路双河南里甲15幢4-5号15-5',0,'钟雪','18084842032',0),(3,2,'北京市大兴区兴业大街三合南里22号楼-11-215-5',1,'曾','18084842032',0),(5,2,'北京市大兴区清源路5号',NULL,'肖战','13511277924',1),(6,3,'北京市大兴区兴华北路二段78号院',NULL,'陈伟霆','13511278924',1),(7,4,'北京市大兴区兴丰北大街与枣园路交汇处',NULL,'王一博','13511277964',1),(8,5,'北京市大兴区清源北路19号',NULL,'张艺兴','13511273924',1),(9,6,'北京市大兴区枣园路附近',NULL,'鹿晗','13511272924',1),(10,7,'北京市大兴区兴华大街与枣园路交叉口',NULL,'朱一龙','13512277924',1),(11,8,'北京市大兴区黄村枣园东里',NULL,'邓伦','13521276924',1),(12,9,'北京市大兴区彩虹新城小区35号',NULL,'魏大勋','13521277994',1),(13,10,'北京市大兴区清源北路北150米',NULL,'李易峰','13521177824',1),(14,11,'北京市大兴区华佗路9号',NULL,'杨紫','17623453890',0),(15,12,'北京市大兴区天华大街5号',NULL,'刘诗诗','17621277924',0),(16,13,'北京市大兴区天河北路2号',NULL,'张歆艺','17652277924',0),(17,14,'北京市大兴区天水大街46号院',NULL,'郑爽','17621277924',0),(18,15,'北京市大兴区天祈路68号',NULL,'鞠婧祎','17621277924',0),(19,16,'北京市大兴区天利路12号',NULL,'关晓彤','18221277924',0),(20,17,'北京市大兴区S215(京开路)',NULL,'唐嫣','18221277924',0),(21,18,'北京市大兴区黄徐路',NULL,'刘亦菲','17621277924',0),(22,19,'北京市大兴区车站北巷6号',NULL,'张子枫','18221277924',0),(23,20,'北京市大兴区海子角宇丰苑小区(大兴桥东南)',NULL,'宋祖儿','13721277924',0),(26,22,'北京市大兴区京开路双河南里甲15幢4-5号15',NULL,'zx','13219505431',0),(28,23,'北京市大兴区京开路双河南里甲15幢4-5号',NULL,'高令辉','17600250974',0),(29,1,'北京市大兴区黄村东大街东口双河南里甲15号-11',1,'钟雪','17600250974',0),(31,1,'北京市大兴区兴丰街道黄村西里社区兴华东里',NULL,'高','13219505431',1);

/*!40101 SET SQL_MODE=@OLD_SQL_MODE */;
/*!40014 SET FOREIGN_KEY_CHECKS=@OLD_FOREIGN_KEY_CHECKS */;
/*!40014 SET UNIQUE_CHECKS=@OLD_UNIQUE_CHECKS */;
/*!40111 SET SQL_NOTES=@OLD_SQL_NOTES */;
